"""Company History""","""Historia de la Compañía""",
"""Parent"" signifies the parent table in which this row must be added","""Padre"" significa la tabla padre en la que debe añadirse esta fila",
"""Team Members"" or ""Management""","""Miembros del equipo"" o ""Administración""",
"""amended_from"" field must be present to do an amendment.","El campo ""amended_from"" debe estar presente para hacer una modificación.",
"""{0}"" is not a valid Google Sheets URL","""{0}"" no es una URL válida de Google Sheets",
#{0},#{0},
${values.doctype_name} has been added to queue for optimization,${values.doctype_name} se ha agregado a la cola para optimización,
&copy; Frappe Technologies Pvt. Ltd. and contributors,&copy; Frappe Technologies Pvt. Ltd. y colaboradores,
&lt;head&gt; HTML,&lt;head&gt; HTML,
'In Global Search' is not allowed for field {0} of type {1},'En Búsqueda Global' no está permitido para el campo {0} del tipo {1},
'In Global Search' not allowed for type {0} in row {1},'En Búsqueda Global' no está permitido para el tipo {0} en la fila {1},
'In List View' is not allowed for field {0} of type {1},'En vista de lista' no está permitido para el campo {0} del tipo {1},
'In List View' not allowed for type {0} in row {1},'En vista de lista' no está permitido para el tipo {0} en el renglón {1},
'Recipients' not specified,'Destinatarios' no especificados,
'{0}' is not a valid URL,'{0}' no es una URL válida,
'{0}' not allowed for type {1} in row {2},'{0}' no permitido para el tipo {1} en la fila {2},
(Mandatory),(Obligatorio),
** Failed: {0} to {1}: {2},** Fallido: {0} a {1}: {2},
+ Add / Remove Fields,+ Añadir / Eliminar campos,
0 - Draft; 1 - Submitted; 2 - Cancelled,0 - Borrador; 1 - Validado; 2 - Cancelado,
0 is highest,0 es más alto,
1 = True & 0 = False,1 = Verdadero y 0 = Falso,
"1 Currency = [?] Fraction
For e.g. 1 USD = 100 Cent","1 Divisa = [?] Fracción
Por ej. 1 USD = 100 Centavos",
1 Day,1 Día,
1 Google Calendar Event synced.,1 evento de Google Calendar sincronizado.,
1 Report,1 Informe,
1 day ago,Hace 1 día,
1 hour,1 hora,
1 hour ago,Hace una hora,
1 minute ago,Hace un minuto,
1 month ago,Hace 1 mes,
1 of 2,1 de 2,
1 record will be exported,Se exportará 1 registro,
1 second ago,Hace 1 segundo,
1 week ago,Hace 1 semana,
1 year ago,Hace 1 año,
2 hours ago,Hace 2 horas,
2 months ago,Hace 2 meses,
2 weeks ago,Hace 2 semanas,
2 years ago,Hace 2 años,
3 minutes ago,Hace 3 minutos,
30 minutes,30 minutos,
4 hours,4 horas,
5 Records,5 registros,
5 days ago,Hace 5 días,
; not allowed in condition,; no permitido en condición,
<b>{0}</b> is not a valid URL,<b>{0}</b> no es una URL válida,
"<div class=""alert"">Please don't update it as it can mess up your form. Use the Customize Form View and Custom Fields to set properties!</div>","<div class=""alert"">Por favor, no lo actualice, ya que puede estropear su formulario. Utilice la opción Personalizar vista de formulario y campos personalizados para establecer las propiedades.</div>",
"<h3>Custom CSS Help</h3>

<p>Notes:</p>

<ol>
<li>All field groups (label + value) are set attributes <code>data-fieldtype</code> and <code>data-fieldname</code></li>
<li>All values are given class <code>value</code></li>
<li>All Section Breaks are given class <code>section-break</code></li>
<li>All Column Breaks are given class <code>column-break</code></li>
</ol>

<h4>Examples</h4>

<p>1. Left align integers</p>

<pre><code>[data-fieldtype=""Int""] .value { text-align: left; }</code></pre>

<p>1. Add border to sections except the last section</p>

<pre><code>.section-break { padding: 30px 0px; border-bottom: 1px solid #eee; }
.section-break:last-child { padding-bottom: 0px; border-bottom: 0px;  }</code></pre>
","<h3>Ayuda para la personalizacion del CSS </h3>

<p>Notas:</p>

<ol>
<li>Todos los grupos de campos (etiqueta + valor) son atributos establecidos <code>data-fieldtype</code> y <code>data-fieldname</code></li>
<li>A todos los valores se les asigna la clase <code>value</code></li>
<li>A todos los saltos de sección se les asigna la clase <code>section-break</code></li>
<li>A todos los saltos de columna se les asigna la clase <code>column-break</code></li>
</ol>

<h4>Ejemplos</h4>

<p>1. Alinear enteros a la izquierda</p>

<pre><code>[data-fieldtype=""Int""] .value { text-align: left; }</code></pre>

<p>1. Agregar borde a las secciones excepto a la última sección</p>

<pre><code>.section-break { padding: 30px 0px; border-bottom: 1px solid #eee; }
.section-break:last-child { padding-bottom: 0px; border-bottom: 0px; }</code></pre>
",
"<h3>Print Format Help</h3>
<hr>
<h4>Introduction</h4>
<p>Print Formats are rendered on the server side using the Jinja Templating Language. All forms have access to the <code>doc</code> object which contains information about the document that is being formatted. You can also access common utilities via the <code>frappe</code> module.</p>
<p>For styling, the Boostrap CSS framework is provided and you can enjoy the full range of classes.</p>
<hr>
<h4>References</h4>
<ol>
	<li><a href=""http://jinja.pocoo.org/docs/templates/"" target=""_blank"">Jinja Templating Language</a></li>
	<li><a href=""http://getbootstrap.com"" target=""_blank"">Bootstrap CSS Framework</a></li>
</ol>
<hr>
<h4>Example</h4>
<pre><code>&lt;h3&gt;{{ doc.select_print_heading or ""Invoice"" }}&lt;/h3&gt;
&lt;div class=""row""&gt;
	&lt;div class=""col-md-3 text-right""&gt;Customer Name&lt;/div&gt;
	&lt;div class=""col-md-9""&gt;{{ doc.customer_name }}&lt;/div&gt;
&lt;/div&gt;
&lt;div class=""row""&gt;
	&lt;div class=""col-md-3 text-right""&gt;Date&lt;/div&gt;
	&lt;div class=""col-md-9""&gt;{{ doc.get_formatted(""invoice_date"") }}&lt;/div&gt;
&lt;/div&gt;
&lt;table class=""table table-bordered""&gt;
	&lt;tbody&gt;
		&lt;tr&gt;
			&lt;th&gt;Sr&lt;/th&gt;
			&lt;th&gt;Item Name&lt;/th&gt;
			&lt;th&gt;Description&lt;/th&gt;
			&lt;th class=""text-right""&gt;Qty&lt;/th&gt;
			&lt;th class=""text-right""&gt;Rate&lt;/th&gt;
			&lt;th class=""text-right""&gt;Amount&lt;/th&gt;
		&lt;/tr&gt;
		{%- for row in doc.items -%}
		&lt;tr&gt;
			&lt;td style=""width: 3%;""&gt;{{ row.idx }}&lt;/td&gt;
			&lt;td style=""width: 20%;""&gt;
				{{ row.item_name }}
				{% if row.item_code != row.item_name -%}
				&lt;br&gt;Item Code: {{ row.item_code}}
				{%- endif %}
			&lt;/td&gt;
			&lt;td style=""width: 37%;""&gt;
				&lt;div style=""border: 0px;""&gt;{{ row.description }}&lt;/div&gt;&lt;/td&gt;
			&lt;td style=""width: 10%; text-align: right;""&gt;{{ row.qty }} {{ row.uom or row.stock_uom }}&lt;/td&gt;
			&lt;td style=""width: 15%; text-align: right;""&gt;{{
				row.get_formatted(""rate"", doc) }}&lt;/td&gt;
			&lt;td style=""width: 15%; text-align: right;""&gt;{{
				row.get_formatted(""amount"", doc) }}&lt;/td&gt;
		&lt;/tr&gt;
		{%- endfor -%}
	&lt;/tbody&gt;
&lt;/table&gt;</code></pre>
<hr>
<h4>Common Functions</h4>
<table class=""table table-bordered"">
	<tbody>
		<tr>
			<td style=""width: 30%;""><code>doc.get_formatted(""[fieldname]"", [parent_doc])</code></td>
			<td>Get document value formatted as Date, Currency, etc. Pass parent <code>doc</code> for currency type fields.</td>
		</tr>
		<tr>
			<td style=""width: 30%;""><code>frappe.db.get_value(""[doctype]"", ""[name]"", ""fieldname"")</code></td>
			<td>Get value from another document.</td>
		</tr>
	</tbody>
</table>
","<h3>Ayuda para el formato de impresión</h3>
<hr>
<h4>Introducción</h4>
<p>Los Formatos de Impresión se renderizan en el lado del servidor utilizando el Lenguaje de Plantillas Jinja. Todos los formularios tienen acceso al objeto <code>doc</code> que contiene información sobre el documento que se está formateando. También puede acceder a utilidades comunes a través del módulo <code>frappe</code>.</p>
<p>Para el estilo, se proporciona el framework CSS Boostrap y puede disfrutar de toda la gama de clases.</p>
<hr>
<h4>Referencias</h4>
<ol>
	<li><a href=""http://jinja.pocoo.org/docs/templates/"" target=""_blank"">Lenguaje de plantillas Jinja</a></li>
	<li><a href=""http://getbootstrap.com"" target=""_blank"">Framework CSS Bootstrap</a></li>
</ol>
<hr>
<h4>Ejemplo</h4>
<pre><code>&lt;h3&gt;{{ doc.select_print_heading or ""Invoice"" }}&lt;/h3&gt;
&lt;div class=""row""&gt;
	&lt;div class=""col-md-3 text-right""&gt;Nombre del cliente&lt;/div&gt;
	&lt;div class=""col-md-9""&gt;{{ doc.customer_name }}&lt;/div&gt;
&lt;/div&gt;
&lt;div class=""row""&gt;
	&lt;div class=""col-md-3 text-right""&gt;Fecha&lt;/div&gt;
	&lt;div class=""col-md-9""&gt;{{ doc.get_formatted(""invoice_date"") }}&lt;/div&gt;
&lt;/div&gt;
&lt;table class=""table table-bordered""&gt;
	&lt;tbody&gt;
		&lt;tr&gt;
			&lt;th&gt;Sr&lt;/th&gt;
			&lt;th&gt;Nombre del artículo&lt;/th&gt;
			&lt;th&gt;Descripción&lt;/th&gt;
			&lt;th class=""text-right""&gt;Cantidad&lt;/th&gt;
			&lt;th class=""text-right""&gt;Tarifa&lt;/th&gt;
			&lt;th class=""text-right""&gt;Cantidad&lt;/th&gt;
		&lt;/tr&gt;
		{%- for row in doc.items -%}
		&lt;tr&gt;
			&lt;td style=""width: 3%;""&gt;{{ row.idx }}&lt;/td&gt;
			&lt;td style=""width: 20%;""&gt;
				{{ row.item_name }}
				{% if row.item_code != row.item_name -%}
				&lt;br&gt;Código de artículo: {{ row.item_code}}
				{%- endif %}
			&lt;/td&gt;
			&lt;td style=""width: 37%;""&gt;
				&lt;div style=""border: 0px;""&gt;{{ row.description }}&lt;/div&gt;&lt;/td&gt;
			&lt;td style=""width: 10%; text-align: right;""&gt;{{ row.qty }} {{ row.uom or row.stock_uom }}&lt;/td&gt;
			&lt;td style=""width: 15%; text-align: right;""&gt;{{
				row.get_formatted(""rate"", doc) }}&lt;/td&gt;
			&lt;td style=""width: 15%; text-align: right;""&gt;{{
				row.get_formatted(""amount"", doc) }}&lt;/td&gt;
		&lt;/tr&gt;
		{%- endfor -%}
	&lt;/tbody&gt;
&lt;/table&gt;</code></pre>
<hr>
<h4>Funciones comunes</h4>
<table class=""table table-bordered"">
	<tbody>
		<tr>
			<td style=""width: 30%;""><code>doc.get_formatted(""[fieldname]"", [parent_doc])</code></td>
			<td>Obtiene el valor del documento formateado como Fecha, Moneda, etc. Pase el <code>doc</code> padre para los campos de tipo moneda.</td>
		</tr>
		<tr>
			<td style=""width: 30%;""><code>frappe.db.get_value(""[doctype]"", ""[name]"", ""fieldname"")</code></td>
			<td>Obtener valor de otro documento.</td>
		</tr>
	</tbody>
</table>
",
"<h4>Default Template</h4>
<p>Uses <a href=""http://jinja.pocoo.org/docs/templates/"">Jinja Templating</a> and all the fields of Address (including Custom Fields if any) will be available</p>
<pre><code>{{ address_line1 }}&lt;br&gt;
{% if address_line2 %}{{ address_line2 }}&lt;br&gt;{% endif -%}
{{ city }}&lt;br&gt;
{% if state %}{{ state }}&lt;br&gt;{% endif -%}
{% if pincode %} PIN:  {{ pincode }}&lt;br&gt;{% endif -%}
{{ country }}&lt;br&gt;
{% if phone %}Phone: {{ phone }}&lt;br&gt;{% endif -%}
{% if fax %}Fax: {{ fax }}&lt;br&gt;{% endif -%}
{% if email_id %}Email: {{ email_id }}&lt;br&gt;{% endif -%}
</code></pre>","<h4>Plantillas por defecto</h4>|||<p>Utiliza<a href=""http://jinja.pocoo.org/docs/templates/"">Plantillas de Jinja</a> y todos los campos de Dirección (incluyendo Campos Personalizados si hay alguno) estarán disponibles</p>|||<pre><code>{{ address_line1 }}&lt;br&gt;|||{% if address_line2 %}{{ address_line2 }}&lt;br&gt;{% endif -%}|||{{ city }}&lt;br&gt;|||{% if state %}{{ state }}&lt;br&gt;{% endif -%}|||{% if pincode %} PIN: {{ pincode }}&lt;br&gt;{% endif -%}|||{{ country }}&lt;br&gt;|||{% if phone %}Teléfono: {{ phone }}&lt;br&gt;{% endif -%}|||{% if fax %}Fax: {{ fax }}&lt;br&gt;{% endif -%}|||{% if email_id %}Correo: {{ email_id }}&lt;br&gt;{% endif -%}|||</code></pre>",
"<h4>Email Reply Example</h4>

<pre>Order Overdue

Transaction {{ name }} has exceeded Due Date. Please take necessary action.

Details

- Customer: {{ customer }}
- Amount: {{ grand_total }}
</pre>

<h4>How to get fieldnames</h4>

<p>The fieldnames you can use in your email template are the fields in the document from which you are sending the email. You can find out the fields of any documents via Setup &gt; Customize Form View and selecting the document type (e.g. Sales Invoice)</p>

<h4>Templating</h4>

<p>Templates are compiled using the Jinja Templating Language. To learn more about Jinja, <a class=""strong"" href=""http://jinja.pocoo.org/docs/dev/templates/"">read this documentation.</a></p>
","<h4>Ejemplo de respuesta por correo electrónico</h4>

<pre>Pedido vencido

La transacción {{ name }} ha excedido la fecha de vencimiento. Por favor, tome las medidas necesarias.

Detalles

- Cliente: {{ customer }}
- Importe: {{ grand_total }}
</pre>

<h4>Cómo obtener nombres de campo</h4>

<p>Los nombres de campo que puedes usar en tu plantilla de correo electrónico son los campos del documento desde el que estás enviando el correo electrónico. Puede encontrar los campos de cualquier documento a través de Configuración &gt; Personalizar la vista del formulario y seleccionar el tipo de documento (por ejemplo, Factura de venta)</p>

<h4>Plantillas</h4>

<p>Las plantillas se compilan utilizando el lenguaje de plantillas Jinja. Para obtener más información sobre Jinja, <a class=""strong"" href=""http://jinja.pocoo.org/docs/dev/templates/"">lea esta documentación.</a></p>
",
"<h5 class=""text-muted uppercase"">Or</h5>","<h5 class=""text-muted uppercase"">O</h5>",
"<h5>Message Example</h5>

<pre>&lt;h3&gt;Order Overdue&lt;/h3&gt;

&lt;p&gt;Transaction {{ doc.name }} has exceeded Due Date. Please take necessary action.&lt;/p&gt;

&lt;!-- show last comment --&gt;
{% if comments %}
Last comment: {{ comments[-1].comment }} by {{ comments[-1].by }}
{% endif %}

&lt;h4&gt;Details&lt;/h4&gt;

&lt;ul&gt;
&lt;li&gt;Customer: {{ doc.customer }}
&lt;li&gt;Amount: {{ doc.grand_total }}
&lt;/ul&gt;
</pre>","Ejemplo de mensaje <h5></h5>

<pre>&lt;h3&gt;Pedido vencido&lt;/h3&gt;

&lt;p&gt;La transacción {{ doc.name }} ha excedido la fecha de vencimiento. Por favor, tome las medidas necesarias.&lt;/p&gt;

&lt;!-- mostrar último comentario --&gt;
{% if comments %}
Último comentario: {{ comments[-1].comment }} por {{ comments[-1].by }}
{% endif %}

&lt;h4&gt;Detalles&lt;/h4&gt;

&lt;ul&gt;
&lt;li&gt;Cliente: {{ doc.customer }}
&lt;li&gt;Cantidad: {{ doc.grand_total }}
&lt;/ul&gt;
</pre>",
"<p><strong>Condition Examples:</strong></p>
<pre>doc.status==""Open""<br>doc.due_date==nowdate()<br>doc.total &gt; 40000
</pre>","<p><strong>Ejemplos de condiciones:</strong></p>
<pre>doc.status==""Open""<br>doc.due_date==nowdate()<br>doc.total &gt; 40000
</pre>",
"<p><strong>Condition Examples:</strong></p>
<pre>doc.status==""Open""<br>doc.due_date==nowdate()<br>doc.total &gt; 40000
</pre>
","<p><strong>Ejemplos de condiciones:</strong></p>
<pre>doc.status==""Open""<br>doc.due_date==nowdate()<br>doc.total &gt; 40000
</pre>
",
"<p>Multiple webforms can be created for a single doctype. Add filters specific to this webform to display correct record after submission.</p><p>For Example:</p>
<p>If you create a separate webform every year to capture feedback from employees add a 
 field named year in doctype and add a filter <b>year = 2023</b></p>
","<p>Se pueden crear varios formularios web para un único DocType. Agregue filtros específicos para este formulario web para mostrar el registro correcto después del envío.</p><p>Por ejemplo:</p>
<p>Si crea un formulario web independiente cada año para capturar los comentarios de los empleados, agregue un campo 
 llamado año en el DocType y agregue un filtro <b>año = 2023</b></p>
",
"<p>Set context before rendering a template. Example:</p><p>
</p><div><pre><code>
context.project = frappe.get_doc(""Project"", frappe.form_dict.name)
</code></pre></div>","<p>Establece el contexto antes de renderizar una plantilla. Ejemplo:</p><p>
</p><div><pre><code>
context.project = frappe.get_doc(""Project"", frappe.form_dict.name)
</code></pre></div>",
"<p>To interact with above HTML you will have to use `root_element` as a parent selector.</p><p>For example:</p><pre class=""p-3 bg-gray-100 border-radius rounded-sm mb-0"" style=""width: fit-content;""><code>// here root_element is provided by default
let some_class_element = root_element.querySelector('.some-class');
some_class_element.textContent = ""New content"";
</code></pre>","<p>Para interactuar con el HTML anterior, deberá utilizar `root_element` como selector principal.</p><p>Por ejemplo:</p><pre class=""p-3 bg-gray-100 border-radius rounded-sm mb-0"" style=""width: fit-content;""><code>// aquí root_element se proporciona de forma predeterminada
let some_class_element = root_element.querySelector('.some-class');
some_class_element.textContent = ""Nuevo contenido"";
</code></pre>",
"<p>Your OTP secret on {0} has been reset. If you did not perform this reset and did not request it, please contact your System Administrator immediately.</p>","<p>Se ha restablecido su clave OTP en {0}. Si no realizó este restablecimiento ni lo solicitó, comuníquese con su administrador del sistema de inmediato.</p>",
"<pre>*  *  *  *  *
┬  ┬  ┬  ┬  ┬
│  │  │  │  │
│  │  │  │  └ day of week (0 - 6) (0 is Sunday)
│  │  │  └───── month (1 - 12)
│  │  └────────── day of month (1 - 31)
│  └─────────────── hour (0 - 23)
└──────────────────── minute (0 - 59)

---

* - Any value
/ - Step values
</pre>
","<pre>* * * * *
┬ ┬ ┬ ┬ ┬
│  │ │ │  │
│  │ │ │  └ día de la semana (0 - 6) (0 es domingo)
│  │ │ └───── mes (1 - 12)
│  │ └────────── día del mes (1 - 31)
│  └─────────────── hora (0 - 23)
└──────────────────── minuto (0 - 59)

---

* - Cualquier valor
/ - Valores escalonados
</pre>
",
"<pre><code>doc.grand_total &gt; 0</code></pre>

<p>Conditions should be written in simple Python. Please use properties available in the form only.</p>
<p>Allowed functions:
</p><ul>
<li>frappe.db.get_value</li>
<li>frappe.db.get_list</li>
<li>frappe.session</li>
<li>frappe.utils.now_datetime</li>
<li>frappe.utils.get_datetime</li>
<li>frappe.utils.add_to_date</li>
<li>frappe.utils.now</li>
</ul>
<p>Example: </p><pre><code>doc.creation &gt; frappe.utils.add_to_date(frappe.utils.now_datetime(), days=-5, as_string=True, as_datetime=True) </code></pre><p></p>","<pre><code>doc.grand_total &gt; 0</code></pre>

<p>Las condiciones deben escribirse en Python simple. Utilice únicamente las propiedades disponibles en el formulario.</p>
<p>Funciones permitidas:
</p><ul>
<li>frappe.db.get_value</li>
<li>frappe.db.get_list</li>
<li>frappe.session</li>
<li>frappe.utils.now_datetime</li>
<li>frappe.utils.get_datetime</li>
<li>frappe.utils.add_to_date</li>
<li>frappe.utils.now</li>
</ul>
<p>Ejemplo: </p><pre><code>doc.creation &gt; frappe.utils.add_to_date(frappe.utils.now_datetime(), días=-5, as_string=True, as_datetime=True) </code></pre><p></p>",
<strong>Warning:</strong> This field is system generated and may be overwritten by a future update. Modify it using {0} instead.,<strong>Advertencia:</strong> Este campo es generado por el sistema y puede ser sobrescrito por una futura actualización. Modifíquelo utilizando {0} en su lugar.,
"A DocType's name should start with a letter and can only consist of letters, numbers, spaces, underscores and hyphens","El nombre de un DocType debe empezar por una letra y sólo puede estar formado por letras, números, espacios, guiones bajos y guiones",
A field with the name {0} already exists in {1},Ya existe un campo con el nombre {0} en {1},
A file with same name {} already exists,Ya existe un archivo con el mismo nombre {},
A list of resources which the Client App will have access to after the user allows it.<br> e.g. project,"Una lista de los recursos que el cliente de aplicación tendrá acceso a la vez que el usuario lo permite. <br> por ejemplo, el proyecto",
A new account has been created for you at {0},Una nueva cuenta ha sido creada para usted en {0},
A recurring {0} {1} has been created for you via Auto Repeat {2}.,Se ha creado un {0} {1} recurrente para usted mediante la repetición automática {2}.,
A symbol for this currency. For e.g. $,"Un símbolo para esta moneda. Por ejemplo, $",
A template already exists for field {0} of {1},Ya existe una plantilla para el campo {0} de {1},
A word by itself is easy to guess.,Una palabra de por sí es fácil de adivinar.,
A0,A0,
A1,A1,
A2,A2,
A3,A3,
A4,A4,
A5,A5,
A6,A6,
A7,A7,
A8,A8,
A9,A9,
ALL,TODOS,
API,API,
API Access,Acceso API,
API Endpoint,Endpoint de la API,
API Endpoint Args,Argumentos del endpoint de la API,
API Key,Clave de API,
API Key and Secret to interact with the relay server. These will be auto-generated when the first push notification is sent from any of the apps installed on this site.,Clave API y secreto para interactuar con el servidor de retransmisión. Se generarán automáticamente cuando se envíe la primera notificación push desde cualquiera de las aplicaciones instaladas en este sitio.,
API Key cannot be regenerated,No se puede regenerar la clave API,
API Method,Método API,
API Secret,Clave Secreta de API,
ASC,ASC,
About,Acerca de,
About Us,Acerca de nosotros,
About Us Settings,Configuración de información de la compañía,
About Us Team Member,Miembro del Equipo Acerca de Nosotros,
About {0} minute remaining,Quedan aproximadamente {0} minutos,
About {0} minutes remaining,Quedan aproximadamente {0} minutos,
About {0} seconds remaining,Quedan aproximadamente {0} segundos,
Accepted,Aceptado,
Access Control,Control de acceso,
Access Log,Registro de acceso,
Access Token,Token de Acceso,
Access Token URL,URL de Token de Acceso,
Access not allowed from this IP Address,Acceso no permitido desde esta dirección IP,
Account,Cuenta,
Account Deletion Settings,Configuración de Eliminación de Cuentas,
Accounts Manager,Gerente de Cuentas,
Accounts User,Usuario de Cuentas,
Action,Acción,
Action / Route,Acción / Ruta,
Action Complete,Acción completada,
Action Failed,Acción Fallida,
Action Label,Etiqueta de Acción,
Action Timeout (Seconds),Tiempo de espera de Acción (segundos),
Action Type,Tipo de Acción,
Action {0} completed successfully on {1} {2}. View it {3},Acción {0} completada con éxito en {1} {2}. Véalo en {3},
Action {0} failed on {1} {2}. View it {3},La acción {0} falló en {1} {2}. Véalo en {3},
Actions,Acciones,
Activate,Activar,
Active,Activo,
Active Directory,Directorio Activo,
Active Domains,Dominios activos,
Active Sessions,Sesiones Activas,
Activity,Actividad,
Activity Log,Registro de Actividad,
Add,Agregar,
Add / Remove Columns,Añadir / Eliminar Columnas,
Add / Update,Agregar / Actualizar,
Add A New Rule,Añadir una nueva regla,
Add Attachment,Añadir un adjunto,
Add Background Image,Añadir imagen de fondo,
Add Border at Bottom,Añadir borde al final,
Add Border at Top,Añadir borde al principio,
Add Card to Dashboard,Agregar Tarjeta al tablero,
Add Chart to Dashboard,Agregar gráfico al tablero,
Add Child,Crear subcategoría,
Add Column,Añadir Columna,
Add Contact,Agregar Contacto,
Add Contacts,Añadir Contactos,
Add Container,Agregar Contenedor,
Add Custom Tags,Agregar etiquetas personalizadas,
Add Filters,Agregar filtros,
Add Gray Background,Agregar fondo gris,
Add Group,Añadir Grupo,
Add Indexes,Agregar índices,
Add Multiple,Añadir Multiple,
Add New Permission Rule,Agregar nueva regla de permisos,
Add Participants,Agregar Participantes,
Add Query Parameters,Agregar parámetros de consulta,
Add Roles,Añadir Roles,
Add Row,Añadir Fila,
Add Signature,Agregar Firma,
Add Space at Bottom,Añadir espacio al final,
Add Space at Top,Añadir espacio al inicio,
Add Subscribers,Añadir Suscriptores,
Add Tags,Añadir etiquetas,
Add Template,Añadir plantilla,
Add Total Row,Añadir Fila Total,
Add Unsubscribe Link,Añadir Enlace Darse de baja,
Add User Permissions,Agregar permisos de usuario,
Add Video Conferencing,Añadir videoconferencia,
Add a Filter,Añadir Filtro,
Add a New Role,Agregar un Nuevo Rol,
Add a Row,Agregar una fila,
Add a comment,Añadir un comentario,
Add a new section,Agregar una nueva sección,
Add a row above the current row,Agregar una fila encima de la fila actual,
Add a row at the bottom,Agregar una fila al final,
Add a row at the top,Añadir una fila en la parte superior,
Add a row below the current row,Añadir una fila debajo de la fila actual,
Add a {0} Chart,Agregar un gráfico {0},
Add column,Agregar columna,
Add field,Agregar campo,
Add new tab,Agregar nueva pestaña,
Add page break,Añadir salto de página,
Add script for Child Table,Agregar script para tabla secundaria,
Add section above,Añadir sección arriba,
Add section below,Añadir sección debajo,
Add tab,Agregar pestaña,
Add to Dashboard,Agregar al tablero,
Add to ToDo,Agregar a Tareas,
Add to table,Agregar a la tabla,
Add to this activity by mailing to {0},Añadir a esta actividad enviando un correo a {0},
Add {0},Agregar {0},Primary action in list view
"Added HTML in the &lt;head&gt; section of the web page, primarily used for website verification and SEO","HTML añadido en la sección &lt;head&gt; de la página web, utiliza sobre todo para la verificación de la web y SEO",
Added default log doctypes: {},Se añadieron Doctypes de registro predeterminado,
Added {0} ({1}),Añadido: {0} ({1}),
Additional Permissions,Permisos Adicionales,
Address,Dirección,
Address Line 1,Dirección línea 1,
Address Line 2,Dirección línea 2,
Address Template,Plantillas de direcciones,
Address Title,Dirección,
Address Title is mandatory.,La dirección principal es obligatoria.,
Address Type,Tipo de dirección,
Address and other legal information you may want to put in the footer.,Dirección y otra información legal que desee poner en el pie de página.,
Addresses,Direcciones,
Addresses And Contacts,Direcciones y contactos,
Adds a custom client script to a DocType,Agrega un script de cliente personalizado a un DocType,
Adds a custom field to a DocType,Agrega un campo personalizado a un DocType,
Administration,Administración,
Administrator,Administrador,
Administrator Logged In,Administrador logeado,
Administrator accessed {0} on {1} via IP Address {2}.,Acceso de Administrador {0} en {1} a través de la dirección IP {2}.,
Administrator can't follow,El administrador no puede seguir,
Advanced,Anticipado,
Advanced Control,Control Avanzado,
Advanced Search,Búsqueda Avanzada,
Advanced Settings,Ajustes Avanzados,
After,Después,
After Cancel,Después de Cancelar,
After Delete,Después de Eliminar,
After Discard,Después de descartar,
After Insert,Después de insertar,
After Rename,Después de renombrar,
After Save,Después de Guardar,
After Save (Submitted Document),Después de Guardar (Documento Validado),
After Submission,Después de validar,
After Submit,Después de validar,
Aggregate Field is required to create a number card,El campo Agregado es necesario para crear una Widget numérico,
Aggregate Function Based On,Función agregada basada en,
Aggregate Function field is required to create a dashboard chart,El campo Función agregada es obligatorio para crear un cuadro de mandos,
Alert,Alerta,
Align,Alinear,
Align Labels to the Right,Alinee las etiquetas a la derecha,
Align Right,Alinear a la derecha,
Align Value,Alinear Valor,
All,Todos,
All Day,Todo el Día,
All Images attached to Website Slideshow should be public,Todas las imágenes adjuntas a la Presentación del Sitio Web deben ser públicas,
All Records,Todos los registros,
All Submissions,Todas las entregas,
All customizations will be removed. Please confirm.,Se eliminarán todas las personalizaciones. Por favor confirmar.,
All fields are necessary to submit the comment.,Todos los campos son necesarios para validar el comentario.,
"All possible Workflow States and roles of the workflow. Docstatus Options: 0 is ""Saved"", 1 is ""Submitted"" and 2 is ""Cancelled""","Todos los estados y roles posibles del flujo de trabajo. Opciones de estado del documento: 0 es ""Guardado"", 1 es ""Validado"" y 2 es ""Cancelado""",
All-uppercase is almost as easy to guess as all-lowercase.,Todo en mayúsculas es casi tan fácil de adivinar como en minúsculas.,
Allocated To,Asignado a,
Allow,Permitir,
Allow API Indexing Access,Permitir el acceso a la indexación de API,
Allow Auto Repeat,Permitir repetición automática,
Allow Bulk Edit,Permitir edición masiva,
Allow Bulk Editing,Permitir edición masiva,
Allow Consecutive Login Attempts,Permitir intentos de inicio de sesión consecutivos,
Allow Google Calendar Access,Permitir acceso a Google Calendar,
Allow Google Contacts Access,Permitir acceso a contactos de Google,
Allow Guest,Permitir Invitado,
Allow Guest to View,Permitir ver al invitado,
Allow Guests to Upload Files,Permitir a los Invitados cargar archivos,
Allow Import (via Data Import Tool),Permitir la importación (a través de la Herramienta de Importación de Datos),
Allow Login After Fail,Permitir inicio de sesión después de error,
Allow Login using Mobile Number,Permitir inicio de sesión con número de teléfono móvil,
Allow Login using User Name,Permitir inicio de sesión con Nombre de Usuario,
Allow Modules,Permitir módulos,
Allow Older Web View Links (Insecure),Permitir enlaces de visualización web antiguos (inseguros),
Allow Print for Cancelled,Permitir impresión para Cancelado,
Allow Print for Draft,Permitir Impresión para Borrador,
Allow Read On All Link Options,Permitir leer en todas las opciones de enlace,
Allow Rename,Permitir Renombrar,
Allow Roles,Permitir Roles,
Allow Self Approval,Permitir la Auto Aprobación,
Allow Sending Usage Data for Improving Applications,Permitir el envío de datos de uso para mejorar las aplicaciones,
Allow approval for creator of the document,Permitir aprobación para el creador del documento,
Allow comments,Permitir comentarios,
Allow delete,Permitir eliminar,
Allow document creation via Email,Permitir la creación de documentos por correo electrónico,
Allow editing after submit,Permitir edición después de validar,
"Allow editing even if the doctype has a workflow set up.

Does nothing if a workflow isn't set up.","Permitir la edición incluso si el tipo de documento tiene un flujo de trabajo configurado.

No hace nada si no hay un flujo de trabajo configurado.",
Allow events in timeline,Permitir eventos en la línea de tiempo,
Allow in Quick Entry,Permitir Entrada Rápida,
Allow incomplete forms,Permitir Formularios Incompletos,
Allow multiple responses,Permitir múltiples respuestas,
Allow on Submit,Permitir en 'validar',
Allow only one session per user,Permitir sólo una sesión por usuario,
Allow page break inside tables,Permitir salto de página dentro de las tablas,
Allow print,Permitir impresión,
Allow saving if mandatory fields are not filled,Permitir guardar si los campos obligatorios no están ingresados,
Allow sending usage data for improving applications,Permitir enviar datos de uso para mejorar aplicaciones,
Allow user to login only after this hour (0-24),Permitir que el usuario ingrese sólo después de esta hora (0-24),
Allow user to login only before this hour (0-24),Permitir que el usuario ingrese sólo antes de esta hora (0-24),
"Allow users to log in without a password, using a login link sent to their email","Permitir a los usuarios iniciar sesión sin contraseña, utilizando un enlace de inicio de sesión enviado a su correo electrónico",
Allowed,Permitido,
Allowed File Extensions,Extensiones de Archivos permitidas,
Allowed In Mentions,Permitido en Menciones,
Allowed Modules,Módulos Permitidos,
Allowed Roles,Roles permitidos,
Allowed embedding domains,Dominios integrados permitidos,
"Allowing DocType, DocType. Be careful!","Precaución, autorizando 'DocType'",
Already Registered,Ya está Registrado,
Already in the following Users ToDo list:{0},Ya en la siguiente lista de tareas pendientes de los usuarios: {0},
Also adding the dependent currency field {0},También se agrega el campo de moneda dependiente {0},
Also adding the status dependency field {0},También se agrega el campo de dependencia de estado {0},
Alternative Email ID,Correo electrónico alternativo,
"Always add ""Draft"" Heading for printing draft documents","Agregar siempre ""Borrador"" al imprimir borradores de documentos",
Always use this email address as sender address,Utilice siempre esta dirección de correo electrónico como dirección de remitente,
Always use this name as sender name,Utilizar siempre este nombre como nombre de remitente,
Amend,Corregir,
Amend Counter,Modificar contador,
Amended Document Naming Settings,Modificación de la Configuración de los Nombres de los Documentos,
Amended Documents,Documentos Modificados,
Amended From,Modificado Desde,
Amendment Naming Override,Sobrescribir la nomenclatura rectificada,
Amendment Not Allowed,Enmienda no permitida,
Amendment naming rules updated.,Reglas de nomenclatura rectificada actualizadas.,
An error occurred while setting Session Defaults,Se produjo un error al configurar los valores predeterminados de la sesión,
An icon file with .ico extension. Should be 16 x 16 px. Generated using a favicon generator. [favicon-generator.org],Un archivo de icono con .ico extensión. Debería ser de 16 x 16 píxeles. Generado usando un generador de favicon. [favicon-generator.org],
An unexpected error occurred while authorizing {}.,Se produjo un error inesperado al autorizar {}.,
Analytics,Analítica,
Ancestors Of,Ancestros De,
Announcement Widget,Widget de Anuncios,
Announcements,Anuncios,
Annual,Anual,
Anonymization Matrix,Matriz de anonimización,
Anonymous responses,Respuestas anónimas,
Another transaction is blocking this one. Please try again in a few seconds.,"Otra transacción está bloqueando esta. Por favor, inténtelo de nuevo en unos segundos.",
"Another {0} with name {1} exists, select another name","Otra {0} con el nombre {1} existe, seleccione otro nombre",
Any string-based printer languages can be used. Writing raw commands requires knowledge of the printer's native language provided by the printer manufacturer. Please refer to the developer manual provided by the printer manufacturer on how to write their native commands. These commands are rendered on the server side using the Jinja Templating Language.,Se puede usar cualquier lenguaje de impresora basado en cadenas. Escribir comandos sin formato requiere el conocimiento del idioma nativo de la impresora proporcionado por el fabricante de la impresora. Consulte el manual del desarrollador proporcionado por el fabricante de la impresora sobre cómo escribir sus comandos nativos. Estos comandos se representan en el lado del servidor utilizando el lenguaje de plantillas Jinja.,
"Apart from System Manager, roles with Set User Permissions right can set permissions for other users for that Document Type.","Además del Administrador del sistema, los roles con el derecho ""Establecer permisos de usuario"" pueden establecer permisos para otros usuarios para ese tipo de documento.",
App,App,
App ID,ID de la App,
App Logo,Logo de la App,
App Name,Nombre de la Aplicación,
App not found for module: {0},App no encontrada para el módulo: {0},
App {0} is not installed,Aplicación {0} no está instalada,
Append Emails to Sent Folder,Agregar correos electrónicos a la carpeta enviada,
Append To,Anexar a,
Append To can be one of {0},'Añadir a' puede ser un {0},
"Append as communication against this DocType (must have fields: ""Sender"" and ""Subject""). These fields can be defined in the email settings section of the appended doctype.","Anexar como comunicación a este DocType (debe tener los campos: ""Remitente"" y ""Asunto""). Estos campos se pueden definir en la sección de configuración de correo electrónico del DocType anexado.",
Applicable Document Types,Tipos de documentos aplicables,
Applicable For,Aplicable para,
Application Logo,Logotipo de la aplicación,
Application Name,Nombre de la aplicación,
Application Version,Versión de la aplicación,
Applied On,Aplicado en,
Apply,Aplicar,
Apply Filters,Aplicar filtros,
Apply Strict User Permissions,Aplicar Permisos Estrictos de Usuario,
Apply To,Aplicar a,
Apply To All Document Types,Aplicar a todos los tipos de documentos,
Apply User Permission On,Aplicar permiso del usuario en,
Apply document permissions,Aplicar permisos de documentos,
Apply this rule if the User is the Owner,"Aplicar esta regla, si el usuario es el propietario",
Apply to all Documents Types,Aplicar a todos los tipos de documentos,
Applying: {0},Aplicando: {0},
Approval Required,Aprobación requerida,
Apps,Apps,
Archive,Archivar,
Archived,Archivado,
Archived Columns,Columnas archivados,
Are you sure you want to clear the assignments?,¿Está seguro de que desea borrar las asignaciones?,
Are you sure you want to delete all rows?,¿Seguro que quieres eliminar todas las filas?,
Are you sure you want to delete the attachment?,¿Está seguro que desea eliminar el adjunto?,
Are you sure you want to discard the changes?,¿Realmente quieres descartar los cambios?,
Are you sure you want to generate a new report?,¿Está seguro de que desea generar un nuevo informe?,
Are you sure you want to merge {0} with {1}?,¿Seguro que quieres fusionar {0} con {1}?,
Are you sure you want to proceed?,¿Está seguro de que desea continuar?,
Are you sure you want to re-enable scheduler?,¿Está seguro de que desea volver a habilitar el programador?,
Are you sure you want to relink this communication to {0}?,¿Seguro que desea volver a vincular esta comunicación a {0}?,
Are you sure you want to remove all failed jobs?,¿Está seguro de que desea eliminar todos los trabajos fallidos?,
Are you sure you want to remove the {0} filter?,¿Estás seguro de que deseas eliminar el filtro {0}?,
Are you sure you want to reset all customizations?,¿Está seguro de que desea restablecer todas las personalizaciones?,
Are you sure you want to save this document?,¿Está seguro de que desea guardar este documento?,
Are you sure?,¿Estás seguro?,
Arguments,Argumentos,
Arial,Arial,
"As a best practice, do not assign the same set of permission rule to different Roles. Instead, set multiple Roles to the same User.","Como práctica recomendada, no asigne el mismo conjunto de reglas de permisos a diferentes roles. En su lugar, establezca varias funciones para el mismo usuario.",
"As document sharing is disabled, please give them the required permissions before assigning.","Como el uso compartido de documentos está deshabilitado, otórgueles los permisos necesarios antes de asignarlos.",
"As per your request, your account and data on {0} associated with email {1} has been permanently deleted","De acuerdo con su solicitud, su cuenta y los datos de {0} asociados al correo electrónico {1} se han eliminado de forma permanente.",
Assign Condition,Asignar condición,
Assign To,Asignar a,
Assign To User Group,Asignar a Grupo de Usuarios,
Assign To Users,Asignar a usuarios,
Assign a user,Asignar a usuario,
"Assign one by one, in sequence","Asignar uno por uno, en secuencia",
Assign to me,Asignar a mí,
Assign to the one who has the least assignments,Asignar a quien tiene menos tareas,
Assign to the user set in this field,Asignar al usuario configurado en este campo,
Assigned,Asignado,
Assigned By,Asignado por,
Assigned By Full Name,Asignado por Nombre Completo,
Assigned To,Asignado a,
Assigned To/Owner,Asignado a / Propietario,
Assigning...,Asignando...,
Assignment,Asignación,
Assignment Completed,Asignación Completa,
Assignment Days,Días de asignacion,
Assignment Rule,Regla de asignación,
Assignment Rule Day,Día de la regla de asignación,
Assignment Rule User,Usuario de regla de asignación,
Assignment Rule is not allowed on document type {0},La regla de asignación no está permitida en el tipo de documento {0},
Assignment Rules,Reglas de asignación,
Assignment Update on {0},Actualización de la asignación en {0},
Assignment for {0} {1},Asignación para {0} {1},
Assignment of {0} removed by {1},Asignación de {0} eliminada por {1},
Assignments,Asignaciones,
At least one column is required to show in the grid.,Se requiere al menos una columna para mostrar en la cuadrícula.,
At least one field is required in Web Form Fields Table,Se requiere al menos un campo en la tabla de campos del formulario web,
At least one field of Parent Document Type is mandatory,Al menos un campo de Tipo de Documento Principal es obligatorio,
Attach,Adjuntar,
Attach Document Print,Adjuntar Documento para Imprimir,
Attach Image,Adjuntar Imagen,
Attach Package,Adjuntar paquete,
Attach Print,Adjuntar Impresión,
Attach a web link,Adjuntar un enlace web,
Attach files / urls and add in table.,Adjunte archivos / urls y agregue en la tabla.,
Attached File,Archivo adjunto,
Attached To DocType,Asociado a 'DocType',
Attached To Field,Adjuntar al Campo,
Attached To Name,Asociado A Nombre,
Attached To Name must be a string or an integer,"El nombre ""Adjuntado a"" debe ser una cadena o un entero",
Attachment,Adjunto,
Attachment Limit (MB),Límite Adjunto (MB),
Attachment Limit Reached,Límite de adjuntos alcanzado,
Attachment Link,Enlace adjunto,
Attachment Removed,Adjunto Eliminado,
Attachments,Adjuntos,
Attempting Connection to QZ Tray...,Intentando conectarse a la bandeja QZ...,
Attempting to launch QZ Tray...,Intentando iniciar QZ Tray...,
Attribution,Atribuciones,
Audit System Hooks,Auditoría de Hooks,
Audit Trail,Registro de auditoría,
Auth URL Data,Datos de URL de autenticación,
Authenticate as Service Principal,Autenticarse como Principal de Servicio,
Authentication,Autenticación,
Authentication Apps you can use are:,Las aplicaciones de autenticación que puede utilizar son:,
Authentication failed while receiving emails from Email Account: {0}.,Error de autenticación al recibir correos electrónicos de la cuenta de correo electrónico: {0}.,
Author,Autor,
Authorization Code,Código de Autorización,
Authorization URI,URI de Autorización,
Authorization error for {}.,Error de autorización para {}.,
Authorize API Access,Autorizar acceso a API,
Authorize API Indexing  Access,Autorizar el acceso a la indexación de API,
Authorize Google Calendar Access,Autorizar acceso a Google Calendar,
Authorize Google Contacts Access,Autorizar acceso a contactos de Google,
Authorize URL,Autorizar URL,
Authorized,Autorizado,
Authors,Autores,
Authors / Maintainers,Autores / Mantenedores,
Auto,Auto,
Auto Email Report,Reporte de Correo Electrónico Automático,
Auto Name,Nombre Automático,
Auto Repeat,Repetición Automática,
Auto Repeat Day,Repetición automática del día,
Auto Repeat Day{0} {1} has been repeated.,Repetición automática del día {0} {1} ha sido repetida.,
Auto Repeat Document Creation Failed,Repetición automática de creación de documento fallida,
Auto Repeat Schedule,Programación de repetición automática,
Auto Repeat created for this document,Repetición automática creada para este documento,
Auto Repeat failed for {0},La repetición automática falló para {0},
Auto Reply,Respuestas Automáticas,
Auto Reply Message,Mensaje de Repuesta Automática,
Auto assignment failed: {0},La asignación automática falló: {0},
Auto follow documents that are assigned to you,Seguir automáticamente los documentos que se le han asignado,
Auto follow documents that are shared with you,Seguimiento automático de documentos que se comparten contigo,
Auto follow documents that you Like,Sigue automáticamente los documentos a los que le has dado me gusta,
Auto follow documents that you comment on,Seguir automáticamente los documentos sobre los que comenta,
Auto follow documents that you create,Seguimiento automático de los documentos que cree,
Autocomplete,Autocompletar,
Autoincrement,Autoincremento,
Automated Message,Mensaje automático,
Automatic,Automático,
Automatic Linking can be activated only for one Email Account.,La vinculación automática solo se puede activar para una cuenta de correo electrónico.,
Automatic Linking can be activated only if Incoming is enabled.,La vinculación automática solo se puede activar si está entrante habilitado.,
Automatically Assign Documents to Users,Asignar automáticamente documentos a los usuarios,
Automatically delete account within (hours),Eliminar cuenta automáticamente en (horas),
Automation,Automatización,
Average,Promedio,
Average of {0},Promedio de {0},
Avoid dates and years that are associated with you.,Evitar fechas y años que se asocian con usted.,
Avoid recent years.,Evitar los últimos años.,
Avoid sequences like abc or 6543 as they are easy to guess,"Evitar secuencias como abc o 6543, ya que son fáciles de adivinar",
Avoid years that are associated with you.,Evitar años que se asocian con usted.,
Awaiting Password,Esperando contraseña,
Awaiting password,Esperando Contraseña,
Awesome Work,Buen Trabajo,
"Awesome, now try making an entry yourself","Genial, ahora intenta crear una entrada tú mismo.",
B0,B0,
B1,B1,
B10,B10,
B2,B2,
B3,B3,
B4,B4,
B5,B5,
B6,B6,
B7,B7,
B8,B8,
B9,B9,
BCC,CCO,
Back,Atrás,
Back to Desk,Volver al Escritorio,
Back to Home,De vuelta a casa,
Back to Login,Regresar para iniciar sesión,
Background Color,Color de Fondo,
Background Image,Imagen de Fondo,
Background Jobs,Trabajos en Segundo Plano,
Background Jobs Check,Verificación de trabajos en segundo plano,
Background Jobs Queue,Cola de Trabajos en segundo plano,
Background Print (required for >25 documents),Impresión en segundo plano (requerida para >25 documentos),
Background Workers,Procesos en segundo plano,
Backup Encryption Key,Clave de Cifrado de Copia de Seguridad,
Backup job is already queued. You will receive an email with the download link,El trabajo de copia de seguridad ya está en cola. Recibirá un correo electrónico con el enlace de descarga,
Backups,Copias de seguridad,
Backups (MB),Copias de seguridad (MB),
Bad Cron Expression,Mala expresión de Cron,
Banker's Rounding,Redondeo Bancario,
Banker's Rounding (legacy),Redondeo Bancario (heredado),
Banner,Anuncio,
Banner HTML,Anuncio HTML,
Banner Image,Imagen de banner,
Banner is above the Top Menu Bar.,El banner está sobre la barra de menú superior.,
Bar,Barra,
Barcode,Código de barras,
Base Distinguished Name (DN),Nombre distinguido base (DN),
Base URL,URL Base,
Based On,Basado en,
Based on Field,Basado en el campo,
Based on Permissions For User,Sobre la base de permisos para el usuario,
Basic,Base,
Basic Info,Información básica,
Before,Antes,
Before Cancel,Antes de cancelar,
Before Delete,Antes de borrar,
Before Discard,Antes de descartar,
Before Insert,Antes de insertar,
Before Print,Antes de Imprimir,
Before Rename,Antes de renombrar,
Before Save,Antes de guardar,
Before Save (Submitted Document),Antes de guardar (documento validado),
Before Submit,Antes de validar,
Before Validate,Antes de Validar,
Beginner,Principiante,
Beginning with,Empezando con,
Beta,Beta,
Better add a few more letters or another word,Mejor añadir algunas más letras u otra palabra,
Between,Entre,
Billing,Facturación,
Billing Contact,Contacto de Facturación,
Binary Logging,Registro binario,
Bio,Biografía,
Birth Date,Fecha de nacimiento,
Blank Template,Plantilla en blanco,
Block Module,Módulo de bloque,
Block Modules,Módulos de Bloque,
Blocked,Obstruido,
Blue,Azul,
Bold,Negrita,
Bot,Robot,
Both DocType and Name required,Tanto DocType como Nombre son obligatorios,
Both login and password required,Se requieren inicio de sesión y contraseña,
Bottom,Fondo,
Bottom Center,Parte inferior centro,
Bottom Left,Parte inferior izquierda,
Bottom Right,Parte inferior derecha,
Bounced,Rebotados,
Brand,Marca,
Brand HTML,Marca HTML,
Brand Image,Imagen de marca,
Brand Logo,Logo de la marca,
Breadcrumbs,Migas,
Browser,Navegador,
Browser Version,Versión del Navegador,
Browser not supported,Navegador no compatible,
Brute Force Security,Fuerza Bruta de Seguridad,
Bufferpool Size,Tamaño del Bufferpool,
Build {0},Construir {0},
Built on {0},Construido en {0},
Bulk Actions,Acciones masivas,
Bulk Delete,Eliminar a granel,
Bulk Edit,Edición masiva,
Bulk Edit {0},Editar en masa {0},
Bulk Operation Failed,Operación masiva fallida,
Bulk Operation Successful,Operación masiva exitosa,
Bulk PDF Export,Exportación masiva de PDF,
Bulk Update,Actualización masiva,
Bulk approval only support up to 500 documents.,La aprobación masiva solo admite hasta 500 documentos.,
Bulk operation is enqueued in background.,La operación masiva está en cola en segundo plano.,
Bulk operations only support up to 500 documents.,Las operaciones masivas solo admiten hasta 500 documentos.,
Bulk {0} is enqueued in background.,La {0} masiva está en cola en segundo plano.,
Button,Botón,
Button Gradients,Gradientes de botones,
Button Rounded Corners,Esquinas redondeadas con botones,
Button Shadows,Sombras de botones,
"By ""Naming Series"" field","Por el campo ""Serie de nombres""",
"By default the title is used as meta title, adding a value here will override it.","Por defecto, el título se usa como meta título, agregar un valor aquí lo anulará.",
By fieldname,Por nombre de campo,
By script,Por script,
Bypass Restricted IP Address Check If Two Factor Auth Enabled,Omitir dirección IP restringida Verificar si la autenticación de dos factores está habilitada,
Bypass Two Factor Auth for users who login from restricted IP Address,Saltear Two Factor Auth para usuarios que inician sesión desde una dirección IP restringida,
Bypass restricted IP Address check If Two Factor Auth Enabled,Evite la verificación de la dirección IP restringida si la autenticación de dos factores está habilitada,
C5E,C5E,
CANCELLED,CANCELADO,
CC,CC,
CMD,CMD,
COLOR PICKER,SELECTOR DE COLOR,
CSS,CSS,
CSS Class,Clase CSS,
CSS selector for the element you want to highlight.,Selector CSS para el elemento que desea resaltar.,
CSV,CSV,
Cache,Caché,
Cache Cleared,Memoria caché borrada,
Calculate,Calcular,
Calendar,Calendario,
Calendar Name,Nombre del Calendario,
Calendar View,Vista de Calendario,
Call,Llamada,
Call To Action,Llamada a la acción,
Call To Action URL,URL de llamada a la acción,
Callback Message,Mensaje de devolución de llamada,
Callback Title,Título de devolución de llamada,
Camera,Cámara,
Campaign,Campaña,
Campaign Description (Optional),Descripción de la Campaña (opcional),
Can Read,Puede Leer,
Can Share,Puede Compartir,
Can Submit,Puede validar,
Can Write,Puede Escribir,
Can not rename as column {0} is already present on DocType.,No se puede renombrar porque la columna {0} ya está presente en DocType.,
Can only change to/from Autoincrement naming rule when there is no data in the doctype,Solo puede cambiar a/desde la regla de nomenclatura Autoincremento cuando no hay datos en el Doctype,
Can only list down the document types which has been linked to the User document type.,Sólo puede listar los tipos de documento que han sido vinculados al tipo de documento Usuario.,
Can't follow since changes are not tracked.,"No se pueden seguir, ya que no se hace un seguimiento de los cambios.",
Can't rename {0} to {1} because {0} doesn't exist.,No se puede renombrar {0} a {1} porque {0} no existe.,
Cancel,Cancelar,
Cancel All,Cancelar todo,
Cancel All Documents,Cancelar todos los documentos,
Cancelled,Cancelado,
Cancelled Document restored as Draft,Documento Cancelado restaurado como Borrador,
Cancelling documents,Cancelar documentos,
Cancelling {0},Cancelando {0},
Cannot Download Report due to insufficient permissions,No se puede Descargar el Informe debido a permisos insuficientes,
Cannot Fetch Values,No se pueden recuperar valores,
Cannot Remove,No se puede quitar,
Cannot Update After Submit,No se puede Actualizar Después de Validar,
Cannot access file path {0},No se puede acceder a la ruta del archivo {0},
Cannot cancel before submitting while transitioning from <b>{0} State</b> to <b>{1} State</b>,No se puede cancelar antes de validar durante la transición del estado <b>{0}</b> al estado <b>{1}</b>,
Cannot cancel before submitting. See Transition {0},No se puede cancelar antes de validar. Ver Transición {0},
Cannot cancel {0}.,No se puede cancelar {0}.,
Cannot change docstatus from 0 (Draft) to 2 (Cancelled),No se puede cambiar el estado del documento de 0 (Borrador) a 2 (Cancelado),
Cannot change docstatus from 1 (Submitted) to 0 (Draft),No se puede cambiar el estado del documento de 1 (Validado) a 0 (Borrador),
Cannot change state of Cancelled Document <b>({0} State)</b>,No se puede cambiar el estado del documento cancelado <b>(Estado{0})</b>,
Cannot change state of Cancelled Document. Transition row {0},"No se puede cambiar el estado de un documento cancelado, Transition row {0}",
Cannot change to/from autoincrement autoname in Customize Form,No se puede cambiar a/desde autoincremento autonombre en Personalizar formulario,
Cannot create a {0} against a child document: {1},No se puede crear un {0} en contra de un documento secundario: {1},
Cannot create private workspace of other users,No se puede crear un Área de Trabajo privado para otros usuarios,
Cannot delete Home and Attachments folders,No se puede eliminar la carpeta principal y sus carpetas adjuntas,
Cannot delete or cancel because {0} {1} is linked with {2} {3} {4},No se puede eliminar o cancelar porque {0} {1} está vinculado con {2} {3} {4},
Cannot delete standard action. You can hide it if you want,No se puede eliminar la acción estándar. Puedes esconderlo si quieres,
Cannot delete standard document state.,No se puede eliminar el estado del documento estándar.,
Cannot delete standard field <strong>{0}</strong>. You can hide it instead.,No se puede eliminar el campo estándar <strong>{0}</strong>. Puede ocultarlo en su lugar.,
Cannot delete standard field. You can hide it if you want,No se puede eliminar el campo estándar. Puedes ocultarlo si lo deseas.,
Cannot delete standard link. You can hide it if you want,No se puede eliminar el enlace estándar. Puedes esconderlo si quieres,
Cannot delete system generated field <strong>{0}</strong>. You can hide it instead.,No se puede eliminar el campo generado por el sistema <strong>{0}</strong>. Puedes ocultarlo en su lugar.,
Cannot delete {0},No se puede eliminar {0},
Cannot delete {0} as it has child nodes,"No se puede eliminar {0}, ya que contiene sub-grupos",
Cannot edit Standard Dashboards,No se pueden editar los Tableros estándar,
"Cannot edit Standard Notification. To edit, please disable this and duplicate it","No se puede editar la notificación estándar. Para editar, deshabilítelo y duplíquelo",
Cannot edit Standard charts,No se puede editar gráficos estándar,
Cannot edit a standard report. Please duplicate and create a new report,"No se puede editar un informe estándar. Por favor, duplicar y crear un nuevo informe",
Cannot edit cancelled document,No se puede editar un documento cancelado,
Cannot edit filters for standard charts,No se pueden editar filtros para gráficos estándar,
Cannot edit filters for standard number cards,No se pueden editar los filtros de los Widget numéricos estándar,
Cannot edit standard fields,No se pueden editar los campos estándar,
Cannot enable {0} for a non-submittable doctype,No se puede habilitar {0} para un tipo de documento que puede ser validado,
Cannot find file {} on disk,No se puede encontrar el archivo {} en el disco,
Cannot get file contents of a Folder,No se pueden obtener los contenidos de archivo de una carpeta,
Cannot have multiple printers mapped to a single print format.,No se pueden asignar varias impresoras a un único formato de impresión.,
Cannot link cancelled document: {0},No se puede vincular al documento anulado: {0},
Cannot map because following condition fails:,No se puede mapear porque falla la siguiente condición:,
Cannot match column {0} with any field,No se puede hacer coincidir la columna {0} con ningún campo,
Cannot move row,No se puede mover la fila,
Cannot remove ID field,No se puede eliminar el campo ID,
Cannot set 'Report' permission if 'Only If Creator' permission is set,No se puede establecer el permiso 'Informar' si está configurado el permiso 'Solo si es creador',
Cannot set Notification with event {0} on Document Type {1},No se puede establecer la notificación en el tipo de documento {0},
Cannot share {0} with submit permission as the doctype {1} is not submittable,"No se puede compartir {0} con permiso de validación, ya que el tipo de documento {1} no puede ser validado",
Cannot submit {0}.,No se puede validar {0}.,
Cannot update {0},No se puede Actualizar {0},
Cannot use {0} in order/group by,No se puede utilizar {0} en ordenar/agrupar por,
Cannot {0} {1}.,No se puede {0} {1}.,
Capitalization doesn't help very much.,La capitalización no ayuda mucho.,
Capture,Capturar,
Card,Tarjeta,
Card Break,Salto de tarjeta,
Card Label,Etiqueta de tarjeta,
Card Links,Enlaces de tarjetas,
Cards,Tarjetas,
Category,Categoría,
Category Description,Descripción de categoría,
Category Name,Nombre Categoría,
Center,Centro,
"Certain documents, like an Invoice, should not be changed once final. The final state for such documents is called Submitted. You can restrict which roles can Submit.","Ciertos documentos, como una factura, no deben ser modificados una vez que están en su estado final. El estado final para estos documentos se llama 'Validado'. Puedes restringir qué roles pueden validar.",
Change,Cambio,
Change Image,Cambia Imagen,
Change Label (via Custom Translation),Cambiar Etiqueta (a través de Traducción Personalizada),
Change Letter Head,Cambiar membrete,
Change Password,Cambiar contraseña,
Change Print Format,Cambiar formato de impresión,
"Change the starting / current sequence number of an existing series. <br>

Warning: Incorrectly updating counters can prevent documents from getting created.","Cambiar el número de secuencia inicial/actual de una serie existente. <br>

Advertencia: La actualización incorrecta de los contadores puede impedir la creación de documentos.",
Changed at,Cambiado el,
Changed by,Modificado por,
Changelog Feed,Fuente de registro de cambios,
Changes,Cambio,
Changing any setting will reflect on all the email accounts associated with this domain.,Cualquier cambio de configuración se reflejará en todas las cuentas de correo electrónico asociadas a este dominio.,
Changing rounding method on site with data can result in unexpected behaviour.,Cambiar el método de redondeo in situ con los datos puede dar lugar a un comportamiento inesperado.,
Channel,Canal,
Chart,Gráfico,
Chart Configuration,Configuración de gráfico,
Chart Name,Nombre del Gráfico,
Chart Options,Opciones del gráfico,
Chart Source,Fuente del gráfico,
Chart Type,Tipo de Gráfico,
Charts,Gráficos,
Chat,Chat,
Check,Marcar,
Check Request URL,Verificar URL de Solicitud,
"Check columns to select, drag to set order.","Marque las columnas para seleccionar, arrastrar para establecer el orden.",
Check the Error Log for more information: {0},Consulte el registro de errores para obtener más información: {0},
Check this if you don't want users to sign up for an account on your site. Users won't get desk access unless you explicitly provide it.,Marque esto si no desea que los usuarios se registren para obtener una cuenta en su sitio. Los usuarios no tendrán acceso al escritorio a menos que usted lo proporcione explícitamente.,
Check this if you want to force the user to select a series before saving. There will be no default if you check this.,Seleccione esta opción si desea obligar al usuario a seleccionar una serie antes de guardar. No habrá ninguna por defecto si marca ésta casilla.,
Checking one moment,Comprobando un momento,
"Checking this will enable tracking page views for blogs, web pages, etc.","Marcar esto habilitará el seguimiento de las visitas a páginas para blogs, páginas web, etc.",
Checking this will hide custom doctypes and reports cards in Links section,"Al marcar esto, se ocultarán los tipos de documentos personalizados y las tarjetas de informes en la sección Enlaces",
Checking this will publish the page on your website and it'll be visible to everyone.,"Al marcar esto, se publicará la página en su sitio web y será visible para todos.",
Checking this will show a text area where you can write custom javascript that will run on this page.,"Al marcar esto, se mostrará un área de texto donde puede escribir JavaScript personalizado que se ejecutará en esta página.",
Child DocTypes are not allowed,No se permiten DocTypes hijos,
Child Doctype,DocTypo hijo,
Child Table {0} for field {1},Tabla secundaria {0} para el campo {1},
Child Tables are shown as a Grid in other DocTypes,Las tablas secundarias se muestran como una cuadrícula en otros DocTypes,
Choose Existing Card or create New Card,Elija una tarjeta existente o cree una nueva tarjeta,
Choose a block or continue typing,Elija un bloque o continúe escribiendo,
Choose a color,Elegir color,
Choose an icon,Elegir icono,
Choose authentication method to be used by all users,Elegir el método de autenticación que deben utilizar todos los usuarios,
City,Ciudad,
City/Town,Ciudad,
Clear,Quitar,
Clear & Add Template,Borrar y Agregar Plantilla,
Clear & Add template,Borrar y Agregar plantilla,
Clear Cache and Reload,Borrar caché y recargar,
Clear Error Logs,Limpiar Registros de Errores,
Clear Filters,Borrar Filtros,
Clear Logs After (days),Borrar registros después (días),
Clear User Permissions,Borrar permisos de usuario,
Clear the email message and add the template,Borre el mensaje de correo electrónico y añada la plantilla,
"Clearing end date, as it cannot be in the past for published pages.","Borrando la fecha de finalización, ya que no puede ser en el pasado para las páginas publicadas.",
Click On Customize to add your first widget,Haga clic en Personalizar para agregar su primer widget,
Click here,Click aquí,
Click on a file to select it.,Haga clic en un archivo para seleccionarlo.,
Click on the button to log in to {0},Haga clic en el botón para iniciar sesión en {0},
Click on the link below to approve the request,Haga clic en el enlace a continuación para aprobar la solicitud,
Click on the link below to complete your registration and set a new password,Haga clic en el enlace de abajo para completar su registro y establecer una nueva contraseña,
Click on the link below to download your data,Haga clic en el siguiente enlace para descargar sus datos,
Click on the link below to verify your request,Haga clic en el enlace a continuación para verificar su solicitud,
Click on {0} to generate Refresh Token.,Haga clic en {0} para generar el token de actualización.,
Click table to edit,Haga clic en la tabla para editar,
Click to Set Dynamic Filters,Haga clic para establecer Filtros Dinámicos,
Click to Set Filters,Clic para establecer filtros,
Click to sort by {0},Clic para ordenar por {0},
Clicked,Teclear,
Client,Cliente,
Client Code,Codigo del cliente,
Client Credentials,Credenciales del Cliente,
Client ID,Id del cliente,
Client Id,Id de cliente,
Client Information,Información del Cliente,
Client Script,Script de cliente,
Client Secret,Secreto del cliente,
Client URLs,URL de Cliente,
Client script,Guión del cliente,
Close,Cerrar,
Close Condition,Condición cerrada,
Close properties,Cerrar propiedades,
Closed,Cerrado,
Cmd+Enter to add comment,Cmd+Entrar para agregar comentario,
Code,Código,
Code Challenge,Desafío de código,
Code Editor Type,Tipo de editor de código,
Code challenge method,Método de desafío de código,
Collapse,Colapso,
Collapse All,Desplegar todo,
Collapsible,Plegable,
Collapsible Depends On,Plegado depende de,
Collapsible Depends On (JS),Plegable depende de (JS),
Color,Color,
Column,Columna,
Column 1,Columna 1,
Column 2,Columna 2,
Column <b>{0}</b> already exist.,Columna <b>{0}</b> ya existe.,
Column Break,Salto de Columna,
Column Labels:,Etiquetas de columna:,
Column Name,Nombre de columna,
Column Name cannot be empty,Nombre de la columna no puede estar vacío,
Column Width,Ancho de Columna,
Column width cannot be zero.,El ancho de la columna no puede ser cero.,
Column {0},Columna {0},
Columns,Columnas,
Columns / Fields,Columnas / Campos,
Columns based on,Columnas basadas en,
Combination of Grant Type (<code>{0}</code>) and Response Type (<code>{1}</code>) not allowed,No se permite la combinación del tipo de concesión ( <code>{0}</code> ) y el tipo de respuesta ( <code>{1}</code> ),
Comm10E,Comm10E,
Comment,Comentario,
Comment By,Comentado por,
Comment Email,Comentario de correo electrónico,
Comment Type,Comentario tipo,
Comment can only be edited by the owner,El comentario solo puede ser editado por el propietario,
Comments,Comentarios,
Comments and Communications will be associated with this linked document,Comentarios y Comunicaciones estarán asociados con este documento vinculado,
Comments cannot have links or email addresses,Los comentarios no pueden tener enlaces o direcciones de correo electrónico,
Commercial Rounding,Redondeo comercial,
Commit,Cometer,
Committed,Confirmado,
Common names and surnames are easy to guess.,nombres y apellidos comunes son fáciles de adivinar.,
Communication,Comunicaciones,
Communication Link,Enlace de comunicación,
Communication Type,Tipo de comunicación,
Communication secret not set,Clave secreta de comunicación no establecida,
Company History,Historia de la compañía,
Company Introduction,Presentación de la compañía,
Company Name,Nombre de compañía,
Compare Versions,Comparar Versiones,
Compilation warning,Advertencia de compilación,
Compiled Successfully,Compilado con éxito,
Complete,Completar,
Complete By,Completado por,
Complete Registration,Registro completo,
Completed,Completado,
Completed By Role,Completado por rol,
Completed By User,Completado por el usuario,
Component,Componente,
Compose Email,Escribir correo,
Condition,Condición,
Condition JSON,Condición JSON,
Condition description,Descripción de la condición,
Conditions,Condiciones,
Configuration,Configuración,
Configure Chart,Configurar el Gráfico,
Configure Columns,Configurar columnas,
Configure Recorder,Configurar grabadora,
Configure columns for {0},Configurar columnas para {0},
"Configure how amended documents will be named.<br>

Default behaviour is to follow an amend counter which adds a number to the end of the original name indicating the amended version. <br>

Default Naming will make the amended document to behave same as new documents.","Configura cómo se nombrarán los documentos corregidos.<br>

El comportamiento predeterminado es seguir un contador de correcciones que añade un número al final del nombre original, indicando la versión corregida.<br>

La Nomenclatura Predeterminada hará que el documento corregido se comporte igual que los documentos nuevos.",
"Configure various aspects of how document naming works like naming series, current counter.","Configura varios aspectos de cómo funciona la nomenclatura de documentos, como las series de nombres y el contador actual.",
Confirm,Confirmar,
Confirm Access,Confirmar acceso,
Confirm Deletion of Account,Confirmar la eliminación de la cuenta,
Confirm New Password,Confirmar nueva contraseña,
Confirm Password,Confirmar Contraseña,
Confirm Request,Confirmar petición,
Confirmation Email Template,Plantilla de correo electrónico de confirmación,
Confirmed,Confirmado,
"Congratulations on completing the module setup. If you want to learn more you can refer to the documentation <a target=""_blank"" href=""{0}"">here</a>.","Enhorabuena por haber completado la configuración del módulo. Si desea obtener más información, puede consultar la documentación <a target=""_blank"" href=""{0}"">aquí</a>.",
Connect to {},Conectar a {},
Connected App,Aplicación conectada,
Connected User,Usuario conectado,
Connected to QZ Tray!,Conectado a la bandeja QZ!,
Connection Lost,Conexión perdida,
Connection Success,Éxito de la Conexión,
Connection lost. Some features might not work.,Conexión perdida. Algunas características pueden no funcionar.,
Connections,Conexiones,
Console,Consola,
Console Log,Registro de la consola,
Console Logs can not be deleted,Los registros de la consola no se pueden eliminar,
Constraints,Restricciones,
Contact,Contacto,
Contact Details,Detalles de contacto,
Contact Email,Correo electrónico de contacto,
Contact Numbers,Números de contacto,
Contact Phone,Teléfono de Contacto,
Contact Synced with Google Contacts.,Contacto sincronizado con los contactos de Google.,
Contact Us,Contáctanos,
Contact Us Settings,Configuración de contácto,
"Contact options, like ""Sales Query, Support Query"" etc each on a new line or separated by commas.","Opciones de contacto, como ""Consulta de ventas, Consulta de soporte"", etc., cada una en una nueva línea o separada por comas.",
Contacts,Contactos,
Contains {0} security fix,Contiene {0} corrección de seguridad,
Contains {0} security fixes,Contiene {0} correcciones de seguridad,
Content,Contenido,
Content Hash,Contenido Hash,
Content Type,Tipo de contenido,
Content data shoud be a list,Los datos de contenido deben ser una lista,
Content type for building the page,Tipo de contenido para construir la página,
Context,Contexto,
Context Script,Guión de contexto,
Continue,Continuar,
Contributed,Contribuido,
Contribution Document Name,Nombre del documento de contribución,
Contribution Status,Estado de contribución,
"Controls whether new users can sign up using this Social Login Key. If unset, Website Settings is respected.","Controla si los nuevos usuarios pueden registrarse utilizando esta Clave de Inicio de Sesión Social. Si no se establece, se respeta la configuración del sitio web.",
Copied to clipboard.,Copiado al portapapeles.,
Copy Link,Copiar Enlace,
Copy embed code,Copiar código incrustado,
Copy error to clipboard,Copiar error al Portapapeles,
Copy to Clipboard,Copiar al Portapapeles,
Copyright,Derechos de Autor,
Core DocTypes cannot be customized.,Core DocTypes no se puede personalizar.,
Core Modules {0} cannot be searched in Global Search.,Los módulos principales {0} no se pueden buscar en la búsqueda global.,
Correct version :,Versión correcta:,
Could not connect to outgoing email server,No se pudo conectar con el servidor de correo electrónico saliente,
Could not find {0},No se pudo encontrar {0},
Could not map column {0} to field {1},No se pudo asignar la columna {0} al campo {1},
Could not start up:,No se pudo iniciar:,
"Couldn't save, please check the data you have entered","No se pudo guardar, verifique los datos que ingresó",
Count,Contar,
Count Customizations,Contar personalizaciones,
Count Filter,Filtro de recuento,
Counter,Mostrador,
Country,País,
Country Code Required,Código de País requerido,
Country Name,Nombre del País,
County,Condado,
Create,Crear,
Create & Continue,Crear y Continuar,
Create Address,Crear dirección,
Create Card,Crear tarjeta,
Create Chart,Crear gráfico,
Create Child Doctype,Crear Doctype hijo,
Create Contacts from Incoming Emails,Crear contactos a partir de correos electrónicos entrantes,
Create Entry,Crear entrada,
Create Letter Head,Crear membrete,
Create Log,Crear registro,
Create New,Crear,
Create New DocType,Crear nuevo DocType,
Create New Kanban Board,Crear un nuevo Tablero Kanban,
Create User Email,Crear correo electrónico de usuario,
Create a New Format,Crear un Nuevo Formato,
Create a Reminder,Crear un Recordatorio,
Create a new ...,Crear un nuevo...,
Create a new record,Crea un nuevo registro,
Create a new {0},Crear: {0},
Create a {0} Account,Cree una cuenta en {0},
Create or Edit Print Format,Crear o Editar Formato Impresión,
Create or Edit Workflow,Crear o editar Flujo de Trabajo,
Create your first {0},Crea tu primer {0},
Create your workflow visually using the Workflow Builder.,Cree su flujo de trabajo visualmente utilizando el Constructor de Flujo de Trabajo.,
Created,Creado,
Created At,Creado el,
Created By,Creado por,
Created Custom Field {0} in {1},Creado campo personalizado {0} en {1},
Created On,Creado el,
Creating {0},Creando {0},
Creation of this document is only permitted in developer mode.,La creación de este documento solo está permitida en el modo de desarrollador.,
Cron,Cron,
Cron Format,Formato Cron,
Cron format is required for job types with Cron frequency.,El formato Cron es necesario para los tipos de trabajo con frecuencia Cron.,
Crop,Recortar,
Ctrl + Down,Ctrl + Abajo,
Ctrl + Up,Ctrl + Arriba,
Ctrl+Enter to add comment,Ctrl + Enter para añadir comentarios,
Currency,Divisa / Moneda,
Currency Name,Nombre de la divisa,
Currency Precision,Precisión de monedas,
"Currency list stores the currency value, its symbol and fraction unit","La lista de monedas almacena el valor de la moneda, su símbolo y unidad de fracción",
Current,Corriente,
Current Job ID,Id de Trabajo actual,
Current Value,Valor actual,
Current status,Estado actual,
Currently Viewing,Visualizando,
Custom,Personalizar,
Custom Base URL,URL Base Personalizada,
Custom Block Name,Nombre de bloque personalizado,
Custom Blocks,Bloques personalizados,
Custom CSS,CSS personalizado,
Custom Configuration,Configuración personalizada,
Custom Delimiters,Delimitadores personalizados,
Custom DocPerm,DocPerm Personalizado,
Custom Document Types (Select Permission),Tipos de documentos personalizados (Seleccionar permiso),
Custom Document Types Limit Exceeded,Límite de tipos de documentos personalizados superado,
Custom Documents,Documentos personalizados,
Custom Field,Campo Personalizado,
Custom Field {0} is created by the Administrator and can only be deleted through the Administrator account.,El campo personalizado {0} lo crea el administrador y solo se puede eliminar a través de la cuenta de administrador.,
Custom Fields can only be added to a standard DocType.,Los campos personalizados solo se pueden agregar a un DocType estándar.,
Custom Fields cannot be added to core DocTypes.,Los campos personalizados no se pueden agregar a los DocTypes principales.,
Custom Footer,Pie de página personalizado,
Custom Format,Formato Personalizado,
Custom Group Search,Búsqueda de grupo personalizada,
"Custom Group Search if filled needs to contain the user placeholder {0}, eg uid={0},ou=users,dc=example,dc=com","Búsqueda de grupo personalizada si se rellena necesita contener el marcador de posición de usuario {0}, por ejemplo uid={0},ou=users,dc=example,dc=com",
Custom HTML,HTML Personalizado,
Custom HTML Block,Bloque HTML personalizado,
Custom HTML Help,Ayuda HTML personalizada,
"Custom LDAP Directoy Selected, please ensure 'LDAP Group Member attribute' and 'Group Object Class' are entered","Directorio LDAP personalizado seleccionado, asegúrese de ingresar el 'Atributo de miembro del grupo LDAP' y la 'Clase de objeto de grupo'",
Custom Label,Etiqueta personalizada,
Custom Menu Items,Menú Items Personalizados,
Custom Options,Opciones personalizadas,
Custom Overrides,Anulaciones personalizadas,
Custom Report,Informe personalizado,
Custom Reports,Informes personalizados,
Custom Role,Rol Personalizado,
Custom SCSS,SCSS personalizado,
Custom Sidebar Menu,Menú Lateral Personalizado,
Custom field renamed to {0} successfully.,Campo personalizado renombrado a {0} exitosamente.,
Custom?,¿Es personalizado? (Solo para esta web),
Customization,Personalización,
Customizations Discarded,Personalizaciones descartadas,
Customizations Reset,Restablecimiento de Personalizaciones,
Customizations for <b>{0}</b> exported to:<br>{1},Personalizaciones para <b>{0}</b> exportadas a: <br> {1},
Customize,Personalización,
Customize Child Table,Personalizar Tabla Secundaria,
Customize Dashboard,Personalizar el Tablero,
Customize Form,Personalizar Formulario,
Customize Form - {0},Personalizar formulario - {0},
Customize Form Field,Personalizar campos de formulario,
Cut,Cortar,
Cyan,Cian,
DELETE,DELETE,
DESC,DESC,
DLE,DLE,
DRAFT,BORRADOR,
Daily,Diario,
Daily Event Digest is sent for Calendar Events where reminders are set.,Resumen Diario de Eventos se envía para Eventos en el Calendario cuando se han agregado recordatorios.,
Daily Events should finish on the Same Day.,Los eventos diarios deben finalizar el mismo día.,
Daily Long,Largo diario,
Danger,Peligro,
Dark,Oscuro,
Dark Color,Color oscuro,
Dark Theme,Tema Oscuro,
Dashboard,Tablero,
Dashboard Chart,Gráfico del Tablero,
Dashboard Chart Field,Campo gráfico del tablero,
Dashboard Chart Link,Enlace gráfico del tablero,
Dashboard Chart Source,Origen gráfico del tablero,
Dashboard Manager,Administrador de tablero,
Dashboard Name,Nombre del tablero,
Dashboard Settings,Configuración del panel,
Dashboard View,Vista de Tablero,
Dashboards,Tableros,
Data,Datos,
Data Clipped,Datos recortados,
Data Export,Exportación de Datos,
Data Import,Importación de Datos,
Data Import Log,Registro de Importación de Datos,
Data Import Template,Plantilla para importar datos,
Data Too Long,Datos demasiado largos,
Database,Base de Datos,
Database Engine,Motor de base de datos,
Database Processes,Procesos de Base de Datos,
Database Row Size Utilization,Uso de tamaño de fila de base de datos,
Database Storage Usage By Tables,Uso de almacenamiento de bases de datos por Tablas,
Database Table Row Size Limit,Limite de tamaño de la tabla de la base de datos,
"Database Table Row Size Utilization: {0}%, this limits number of fields you can add.","Utilización del tamaño de fila de la tabla de base de datos: {0}%, esto limita la cantidad de campos que puede agregar.",
Database Version,Versión de la base de datos,
Date,Fecha,
Date Format,Formato de Fecha,
Date Range,Rango de Fechas,
Date and Number Format,Formato de Fecha y Número,
Date {0} must be in format: {1},La fecha {0} debe estar en formato: {1},
Dates are often easy to guess.,Las fechas son a menudo fáciles de adivinar.,
Datetime,Fecha y Hora,
Day,Día,
Day of Week,Día de la semana,
Days After,Dias despues,
Days Before,Días anteriores,
Days Before or After,Días antes o despues,
Deadlock Occurred,Se produjo un bloqueo,
Dear,Estimado,
"Dear System Manager,","Estimado administrador del sistema,",
"Dear User,","Querido usuario,",
Dear {0},Estimado {0},
Debug Log,Registro de depuración,
Decimal Separator must be '.' when Quoting is set to Non-numeric,El separador decimal debe ser '.' cuando las comillas están configuradas como no numéricas,
Decimal Separator must be a single character,El separador decimal debe ser un solo carácter,
Default,Predeterminado,
Default Address Template cannot be deleted,La plantilla de direcciones por defecto no puede ser eliminada,
Default Amendment Naming,Nomenclatura por defecto de las correcciones,
Default App,Aplicación predeterminada,
Default Email Template,Plantilla de Correo predeterminado,
Default Inbox,Bandeja de entrada predeterminada,
Default Incoming,Por defecto entrante,
Default Letter Head,Encabezado Predeterminado,
Default Naming,Nomenclatura por defecto,
Default Outgoing,Predeterminar Saliente,
Default Portal Home,Inicio del portal predeterminado,
Default Print Format,Formato de impresión por defecto,
Default Print Language,Lenguaje de impresión predeterminado,
Default Redirect URI,Predeterminado URI de redireccionamiento,
Default Role at Time of Signup,El papel predeterminado en el momento de la Inscripción,
Default Sending,Envío por defecto,
Default Sending and Inbox,Bandeja de entrada y envío por defecto,
Default Sort Field,Campo de clasificación predeterminado,
Default Sort Order,Orden de clasificación predeterminado,
Default Template For Field,Plantilla por defecto para el campo,
Default Theme,Tema predeterminado,
Default User Role,Rol de usuario por defecto,
Default User Type,Tipo de usuario por defecto,
Default Value,Valor predeterminado,
Default View,Vista predeterminada,
Default Workspace,Espacio de trabajo predeterminado,
Default display currency,Moneda de visualización por defecto,
Default for 'Check' type of field {0} must be either '0' or '1',El valor predeterminado para el tipo 'Verificar' del campo {0} debe ser '0' o '1',
Default value for {0} must be in the list of options.,El valor predeterminado para {0} debe estar en la lista de opciones.,
Default {0},Predeterminado {0},
"Default: ""Contact Us""","Por defecto: ""Contáctenos""",
DefaultValue,Valor predeterminado,
Defaults,Predeterminados,
Defaults Updated,Valores predeterminados actualizados,
Defines actions on states and the next step and allowed roles.,"Define las acciones en cada estado, los siguientes pasos y roles permitidos.",
Defines workflow states and rules for a document.,Define estados y reglas del flujo de trabajo para un documento.,
Delayed,Retrasado,
Delete,Eliminar,
Delete Account,Eliminar Cuenta,
Delete All,Borrar Todo,
Delete Data,Borrar datos,
Delete Kanban Board,Eliminar Tablero Kanban,
Delete and Generate New,Eliminar y Generar Nuevo,
Delete comment?,¿Eliminar comentario?,
Delete this record to allow sending to this email address,Eliminar este registro para permitir el envío a esta dirección de correo electrónico,
Deleted,Eliminado,
Deleted DocType,DocType eliminado,
Deleted Document,Documento Eliminado,
Deleted Name,Nombre borrado,
Deleted all documents successfully,Todos los documentos eliminados con éxito,
Deleted!,Eliminado!,
Deleting {0},Eliminando {0},
Deleting {0} records...,Eliminando {0} registros...,
Deleting {0}...,Eliminando {0}...,
Deletion Steps,Pasos de eliminación,
Deletion of this document is only permitted in developer mode.,La eliminación de este documento solo está permitida en modo desarrollador.,
Delimiter Options,Opciones de delimitador,
Delimiter detection failed. Try to enable custom delimiters and adjust the delimiter options as per your data.,Error en la detección del delimitador. Intente habilitar delimitadores personalizados y ajuste las opciones de delimitador según sus datos.,
Delimiter must be a single character,El delimitador debe ser un solo carácter,
Delivery Status,Estado del envío,
Deny,Denegar,
Department,Departamento,
Dependencies,Dependencias,
Dependencies & Licenses,Dependencias y Licencias,
Depends On,Depende de,
Descendants Of,Descendientes De,
Descendants Of (inclusive),Descendientes de (inclusive),
Description,Descripción,
Description to inform the user about any action that is going to be performed,Descripción para informar al usuario sobre cualquier acción que se va a realizar,
Designation,Puesto,
Desk Access,Acceso a Escritorio,
Desk Settings,Configuración del Escritorio,
Desk Theme,Tema de Escritorio,
Desk User,Usuario de Escritorio,
Desktop Icon,Icono de escritorio,
Desktop Icon already exists,Ícono de Escritorio ya existe,
Details,Detalles,
Detect CSV type,Detectar tipo CSV,
Did not add,No se ha añadido,
Did not remove,No se eliminó,
Diff,Dif.,
"Different ""States"" this document can exist in. Like ""Open"", ""Pending Approval"" etc.","Pueden existir diferentes estados para este documento: 'Abierto', 'Pendiente de Aprobación', etc.",
Digits,Dígitos,
Directory Server,Servidor de Directorio,
Disable Auto Refresh,Desactivar actualización automática,
Disable Change Log Notification,Deshabilitar la notificación del Registro de Cambios,
Disable Comment Count,Desactivar recuento de comentarios,
Disable Contact Us Page,Desactivar la Página de Contacto,
Disable Count,Desactivar recuento,
Disable Document Sharing,Deshabilitar Compartir Documentos,
Disable Report,Desactivar reporte,
Disable SMTP server authentication,Deshabilitar la autenticación del servidor SMTP,
Disable Sidebar Stats,Deshabilitar estadísticas de barra lateral,
Disable Signup for your site,Desactivar el registro para su sitio,
Disable Standard Email Footer,Desactivar pie de página estándar en los correos electrónicos,
Disable System Update Notification,Desactivar la notificación de Actualización del Sistema,
Disable Username/Password Login,Deshabilitar el inicio de sesión con nombre de Usuario/Contraseña,
Disable signups,Deshabilitar registros,
Disabled,Deshabilitado,
Disabled Auto Reply,Respuesta automática deshabilitada,
Discard,Descartar,Discard Email
Discard {0},Descartar {0},
Discard?,¿Descartar?,
Discarded,Descartado,
Disclaimer: These indexes are suggested based on data and queries performed during this recording. These suggestions may or may not help.,Descargo de responsabilidad: Estos índices se sugieren en función de los datos y las consultas realizadas durante esta grabación. Estas sugerencias pueden ser útiles o no.,
Discussion Reply,Respuesta del debate,
Discussion Topic,Tema del debate,
Dismiss,Descartar,Stop showing the onboarding widget.
Display,Visualización,
Display Depends On,Mostrar Depende de,
Display Depends On (JS),La visualización depende de (JS),
Divider,Divisor,
Do Not Create New User,No crear nuevo usuario,
Do not create new user if user with email does not exist in the system,No crear nuevo usuario si el usuario con correo electrónico no existe en el sistema,
Do not edit headers which are preset in the template,No edite los encabezados que están preestablecidos en la plantilla,
Do you still want to proceed?,¿Aún quiere continuar?,
Do you want to cancel all linked documents?,¿Desea cancelar todos los documentos vinculados?,
Doc Event,Evento de Documento,
Doc Events,Eventos de Documento,
Doc Status,Estado de Doc.,
DocField,DocField,
DocPerm,DocPerm,
DocShare,DocShare,
"DocStatus of the following states have changed:<br><strong>{0}</strong><br>
				Do you want to update the docstatus of existing documents in those states?<br>
				This does not undo any effect bought in by the document's existing docstatus.
				","El DocStatus de los siguientes estados ha cambiado:<br><strong>{0}</strong><br>
				¿Desea actualizar el docstatus de los documentos existentes en esos estados?<br>
				Esto no deshace ningún efecto generado por el docstatus existente del documento.
				",
DocType,DocType,
DocType <b>{0}</b> provided for the field <b>{1}</b> must have atleast one Link field,El tipo de documento <b>{0}</b> proporcionado para el campo <b>{1}</b> debe tener al menos un campo de enlace,
DocType Action,Acción DocType,
DocType Event,Evento DocType,
DocType Layout,Diseño de DocType,
DocType Layout Field,DocType capo de diseño,
DocType Link,Enlace DocType,
DocType State,DocType Estado,
DocType View,Vista DocType,
DocType can not be merged,El 'DocType' no se puede fusionar,
DocType can only be renamed by Administrator,DocType sólo puede ser renombrado por Administrator,
DocType is a Table / Form in the application.,DocType es una Tabla/ Formulario en la aplicación.,
DocType must be Submittable for the selected Doc Event,El tipo de documento se debe poder Validar para el evento de Documento Seleccionado,
DocType must be a string,DocType debe ser una cadena,
DocType must have atleast one field,DocType debe tener al menos un campo,
DocType not supported by Log Settings.,DocType no soportado por la configuración del registro.,
DocType on which this Workflow is applicable.,El flujo de trabajo será aplicable en el documento seleccionado.,
DocType required,Doctype Requerido,
DocType {0} does not exist.,DocType {0} no existe.,
DocType {} not found,DocType {} no encontrado,
DocType's name should not start or end with whitespace,El nombre de DocType no debe comenzar ni terminar con espacios en blanco,
"DocTypes cannot be modified, please use {0} instead","Los DocTypes no se pueden modificar, utilice {0} en su lugar",
Doctype,Doctype,
Doctype name is limited to {0} characters ({1}),El nombre de los Doctype está limitado a {0} caracteres ({1}),
Doctype required,Doctype Requerido,
Document,Documento,
Document Actions,Acciones de documento,
Document Follow,Seguir documento,
Document Follow Notification,Notificación de seguimiento de documento,
Document Link,Enlace de documento,
Document Linking,Vinculación de documentos,
Document Links,Enlaces de documentos,
Document Links Row #{0}: Could not find field {1} in {2} DocType,Fila de enlaces de documento #{0}: no se pudo encontrar el campo {1} en {2} DocType,
Document Links Row #{0}: Invalid doctype or fieldname.,Fila de enlaces de documento #{0}: doctype o nombre de campo no válido.,
Document Links Row #{0}: Parent DocType is mandatory for internal links,Documento Links Row #{0}: El DocType padre es obligatorio para los enlaces internos,
Document Links Row #{0}: Table Fieldname is mandatory for internal links,Documento Links Row  #{0}: El nombre del campo de tabla es obligatorio para los enlaces internos,
Document Name,Nombre de Documento,
Document Name must be a string,Nombre del documento debe ser una cadena,
Document Naming Rule,Regla de denominación de documentos,
Document Naming Rule Condition,Condición de la regla de nomenclatura de documentos,
Document Naming Settings,Configuración de Nombres de documentos,
Document Queued,Documento en Cola,
Document Restoration Summary,Resumen de restauración de documentos,
Document Restored,Documento Restaurado,
Document Saved,Documento guardado,
Document Share,Compartir documento,
Document Share Key,Clave para compartir documentos,
Document Share Key Expiry (in Days),Clave de compartir documento caduca (en días),
Document Share Report,Reporte de documentos compartidos,
Document States,Estados del Documento,
Document Status,Estado del Documento,
Document Tag,Etiqueta de documento,
Document Title,Titulo del documento,
Document Type,Tipo de Documento,
Document Type and Function are required to create a number card,El tipo de documento y la función son necesarios para crear un Widget numérico,
Document Type is not importable,El tipo de documento no es importable,
Document Type is not submittable,El tipo de documento no se puede ser validado,
Document Type to Track,Tipo de documento a seguir,
Document Type {0} has been repeated.,El tipo de documento {0} se ha repetido.,
Document Types,Tipos de documentos,
Document Types (Select Permissions Only),Tipos de documentos (Solo permiso selección),
Document Types and Permissions,Tipos de documentos y permisos,
Document Unlocked,Documento desbloqueado,
Document follow is not enabled for this user.,El seguimiento de documentos no está habilitado para este usuario.,
Document has been cancelled,El documento ha sido cancelado,
Document has been submitted,El documento ha sido validado,
Document is in draft state,El documento está en estado de borrador,
Document is only editable by users with role,Este documento es solo editable por usuarios de ese rol,
Document not Relinked,Documento no re-vinculado,
Document renamed from {0} to {1},Documento renombrado de {0} a {1},
Document renaming from {0} to {1} has been queued,El cambio de nombre del documento de {0} a {1} está en cola,
Document type is required to create a dashboard chart,Se requiere tipo de documento para crear un gráfico de tablero,
Document {0} Already Restored,Documento {0} ya restaurado,
Document {0} has been set to state {1} by {2},El documento {0} se ha configurado en estado {1} por {2},
Document {0} {1} does not exist,El documento {0} {1} no existe,
Documentation Link,Enlace de documentación,
Documentation URL,URL de documentación,
Documents,Documentos,
Documents restored successfully,Documentos restaurados con éxito,
Documents that failed to restore,Documentos que no se pudieron restaurar,
Documents that were already restored,Documentos que ya fueron restaurados,
Domain,Dominio,
Domain Name,Nombre del dominio,
Domain Settings,Configuraciones de Dominio,
Domains HTML,Dominios HTML,
"Don't HTML Encode HTML tags like &lt;script&gt; or just characters like &lt; or &gt;, as they could be intentionally used in this field","No etiquetas HTML Codificar HTML, como &lt;script&gt; o simplemente caracteres como &lt;u&gt;, ya que podrían ser utilizados intencionadamente en este campo",
Don't Import,No importar,
Don't Override Status,No sobreescriba el estado,
Don't Send Emails,No envíe correos electrónicos,
"Don't encode HTML tags like &lt;script&gt; or just characters like &lt; or &gt;, as they could be intentionally used in this field","No usar codificación HTML como &lt;script&gt; o solamente caracteres como &lt; o &gt;, ya que podrían ser utilizados intencionalmente en este campo",
Don't have an account?,¿No tiene una cuenta?,
Done,Hecho,
Donut,Dona,
Double click to edit label,Doble clic para editar etiqueta,
Download,Descargar,
Download Backups,Descargar Backups,
Download Data,Descargar datos,
Download Files Backup,Descargar archivos de Copia de Seguridad,
Download Link,Enlace de descarga,
Download PDF,Descargar PDF,
Download Report,Descargar Informe,
Download Template,Descargar plantilla,
Download Your Data,Descargue sus datos,
Download vCard,Descargar vCard,
Download vCards,Descargar vCard,
Dr,Dr.,r
Draft,Borrador,
Drag,Arrastrar,
Drag & Drop a section here from another tab,Arrastre y suelte aquí una sección desde otra pestaña,
Drag and drop files here or upload from,Arrastre y suelte los archivos aquí o súbelos desde,
Drag columns to set order. Column width is set in percentage. The total width should not be more than 100. Columns marked in red will be removed.,Arrastre las columnas para establecer el orden. El ancho de las columnas se establece en porcentaje. El ancho total no debe ser mayor que 100. Las columnas marcadas en rojo se eliminarán.,
Drag elements from the sidebar to add. Drag them back to trash.,Arrastra elementos desde la barra lateral para añadirlos. Arrástralos de vuelta a la papelera.,
Drag to add state,Arrastrar para añadir estado,
Drop files here,Soltar archivos aquí,
Dropdowns,Listas deplegables,
Due Date,Fecha de vencimiento,
Due Date Based On,Fecha de Vencimiento basada en,
Duplicate,Duplicar,
Duplicate Entry,Entrada duplicada,
Duplicate Filter Name,Nombre de Fltro Duplicado,
Duplicate Name,Nombre duplicado,
Duplicate current row,Duplicar fila actual,
Duplicate field,Campo duplicado,
Duration,Duración,
Dynamic Filters,Filtros dinámicos,
Dynamic Filters JSON,JSON de filtros dinámicos,
Dynamic Filters Section,Sección de filtros dinámicos,
Dynamic Link,Enlace Dinámico,
Dynamic Report Filters,Filtros de informes dinámicos,
Dynamic Route,Ruta Dinámica,
Dynamic Template,Plantilla dinámica,
ESC,ESC,
Edit,Editar,
Edit Address in Form,Editar dirección en formulario,
Edit Auto Email Report Settings,Editar configuración de informes de correo electrónico automático,
Edit Chart,Editar gráfico,
Edit Custom Block,Editar bloque personalizado,
Edit Custom HTML,Editar HTML personalizado,
Edit DocType,Editar DocType,
Edit Existing,Editar existente,
Edit Filters,Editar filtros,
Edit Footer,Editar pie de página,
Edit Format,Editar formato,
Edit Full Form,Editar formulario completo,
Edit HTML,Editar HTML,
Edit Header,Editar encabezado,
Edit Heading,Editar encabezado,
Edit Letter Head,Editar membrete,
Edit Letter Head Footer,Editar el pie de página del membrete,
Edit Links,Editar enlaces,
Edit Number Card,Editar Tarjeta Numérica,
Edit Onboarding,Editar el módulo de incorporación,
Edit Print Format,Editar formato de impresión,
Edit Profile,Editar perfil,
Edit Properties,Editar propiedades,
Edit Quick List,Editar Lista Rápida,
Edit Shortcut,Editar Atajo,
Edit Values,Editar Valores,
Edit mode,Modo edición,
Edit the {0} Doctype,Editar el doctype {0},
Edit to add content,Editar para agregar contenido,
Edit your workflow visually using the Workflow Builder.,Cree su flujo de trabajo visualmente utilizando el Constructor de Flujo de Trabajo.,
Edit {0},Editar {0},
Editable Grid,Cruadicula Editable,
Editing Row,Editando fila,
Editing {0},Editando {0},
Eg. smsgateway.com/api/send_sms.cgi,Ej. smsgateway.com/api/send_sms.cgi,
Either key or IP flag is required.,Se requiere la clave o flag IP.,
Element Selector,Selector de elementos,
Email,Correo electrónico,
Email Account,Cuentas de correo electrónico,
Email Account Disabled.,Cuenta de correo desactivada.,
Email Account Name,Cuenta de correo electrónico,
Email Account added multiple times,Cuenta de correo electrónico añadida varias veces,
Email Account not setup. Please create a new Email Account from Settings > Email Account,"Cuenta de correo electrónico no configurada. Por favor, cree una nueva cuenta de correo electrónico desde Configuración > Cuenta de correo electrónico",
Email Address,Dirección de correo electrónico,
Email Address whose Google Contacts are to be synced.,Dirección de correo electrónico cuyos contactos de Google se deben sincronizar.,
Email Addresses,Correos electrónicos,
Email Domain,Dominio de Correo Electrónico,
Email Flag Queue,Señal de la bandera del correo electrónico,
Email Footer Address,Adjuntar dirección en pie de página,
Email Group,Grupo de Correo Electrónico,
Email Group Member,Miembro de Grupo de Correo Electrónico,
Email ID,Identificación de correo,
Email IDs,Correo Electrónico,
Email Id,Correo Electrónico,
Email Inbox,Bandeja de entrada de email,
Email Queue,Cola de correo electrónico,
Email Queue Recipient,Cola de correo electrónico de destinatarios,
Email Queue flushing aborted due to too many failures.,El vaciado de la cola de correo electrónico se canceló debido a demasiados intentos fallidos.,
Email Queue records.,Registros de Cola de Correo Electrónico.,
Email Reply Help,Correo Electrónico Responder Ayuda,
Email Retry Limit,Límite de reintentos de correo electrónico,
Email Rule,Regla de correo electrónico,
Email Sent At,Correo enviado el,
Email Settings,Configuración de Correo Electrónico,
Email Signature,Firma de Correo Electrónico,
Email Status,Estado de Correo Electrónico,
Email Sync Option,Opción de Sincronizar Correo Electrónico,
Email Template,Plantilla de Correo Electrónico,
Email Threads on Assigned Document,Hilos de correo electrónico sobre el documento asignado,
Email To,Email para,
Email Unsubscribe,Cancelar suscripción por correo electrónico,
Email has been marked as spam,El correo electrónico se ha marcado como spam,
Email has been moved to trash,El correo electrónico se ha movido a la papelera,
Email is mandatory to create User Email,El correo electrónico es obligatorio para crear el correo electrónico del usuario.,
Email not sent to {0} (unsubscribed / disabled),Correo electrónico no enviado a {0} (dado de baja / desactivado),
Email not verified with {0},Correo Electrónico no verificado con {0},
Emails,Correos,
Emails Pulled,Correos electrónicos descargados,
Emails are already being pulled from this account.,Ya se están descargando los correos electrónicos de esta cuenta.,
Emails are muted,Los correos electrónicos se silencian,
Emails will be sent with next possible workflow actions,Los Correos Electrónicos se enviarán con las próximas acciones de flujo de trabajo posibles,
Embed code copied,Código integrado copiado,
Empty column,Columna vacía,
Enable,Habilitar,
Enable Address Autocompletion,Activar el autocompletado de direcciones,
Enable Allow Auto Repeat for the doctype {0} in Customize Form,Habilite Permitir repetición automática para el doctype {0} en Personalizar formulario,
Enable Auto Reply,Habilitar Respuesta Automática,
Enable Automatic Linking in Documents,Habilitar la vinculación automática en documentos,
Enable Comments,Habilitar Comentarios,
Enable Email Notifications,Habilitar notificaciones por correo electrónico,
Enable Google API in Google Settings.,Habilite la API de Google en la configuración de Google.,
Enable Google indexing,Habilitar la indexación de Google,
Enable Incoming,Habilitar correos entrantes,
Enable Onboarding,Habilitar la incorporación,
Enable Outgoing,Habilitar correos salientes,
Enable Password Policy,Activar directiva de contraseñas,
Enable Prepared Report,Habilitar informe preparado,
Enable Print Server,Habilitar Servidor de Impresión,
Enable Push Notification Relay,Habilitar el reenvío de notificaciones push,
Enable Rate Limit,Habilitar límite de velocidad,
Enable Raw Printing,Habilitar impresión sin formato,
Enable Report,Habilitar reporte,
Enable Scheduled Jobs,Habilitar Tareas Programadas,
Enable Scheduler,Activar Programador,
Enable Security,Habilitar seguridad,
Enable Social Login,Habilitar Sesión Social,
Enable Tracking Page Views,Habilitar vistas de página de seguimiento,
Enable Two Factor Auth,Habilitar Autenticación de dos Factores,
Enable developer mode to create a standard Print Template,Habilite el modo desarrollador para crear una plantilla de impresión estándar,
Enable developer mode to create a standard Web Template,Habilite el modo de desarrollador para crear una plantilla web estándar,
"Enable if on click
opens modal.","Habilitar si al hacer clic
se abre el modal.",
Enable in-app website tracking,Activar seguimiento de sitios web en la aplicación,
Enabled,Habilitado,
Enabled Scheduler,Programador habilitado,
Enabled email inbox for user {0},Bandeja de entrada de correo electrónico habilitada para el usuario {0},
Enables Calendar and Gantt views.,Habilita las vistas Calendario y Gantt.,
Enabling auto reply on an incoming email account will send automated replies to all the synchronized emails. Do you wish to continue?,"Si activa la respuesta automática en una cuenta de correo electrónico entrante, se enviarán respuestas automáticas a todos los correos electrónicos sincronizados. ¿Desea continuar?",
"Enabling this will register your site on a central relay server to send push notifications for all installed apps through Firebase Cloud Messaging. This server only stores user tokens and error logs, and no messages are saved.","Habilitando esto registrará su sitio en un servidor central de retransmisión para enviar notificaciones push para todas las apps instaladas a través de Firebase Cloud Messaging. Este servidor sólo almacena tokens de usuario y registros de errores, y no se guarda ningún mensaje.",
Enabling this will submit documents in background,Al habilitar esta opción se validarán los documentos en segundo plano,
Encrypt Backups,Cifrar Copias de Seguridad,
Encryption key is in invalid format!,¡La clave de encriptación está en un formato no válido!,
Encryption key is invalid! Please check site_config.json,"¡La clave de encriptación no es válida! Por favor, compruebe el archivo site_config.json",
End Date,Fecha Final,
End Date Field,Campo de Fecha de Finalización,
End Date cannot be before Start Date!,¡La Fecha de Finalización no puede ser anterior a la Fecha de Inicio!,
Ended At,Terminado a las,
Endpoints,Endpoints,
Ends on,Finaliza el,
Energy Point,Punto de energía,
Enqueued By,Encolado por,
Enqueued creation of indexes,Creación de índices en cola,
Ensure the user and group search paths are correct.,Asegúrese de que las rutas de búsqueda de usuarios y grupos son correctas.,
Enter Client Id and Client Secret in Google Settings.,Ingrese el ID del cliente y el secreto del cliente en la configuración de Google.,
Enter Code displayed in OTP App.,Ingrese el código que se muestra en la aplicación OTP.,
Enter Email Recipient(s),Ingrese Destinatario(s) de Correo Electrónico,
Enter Form Type,Seleccione el Tipo de Formulario,
Enter a name for this {0},Introduzca un nombre para este {0},
"Enter default value fields (keys) and values. If you add multiple values for a field, the first one will be picked. These defaults are also used to set ""match"" permission rules. To see list of fields, go to ""Customize Form"".","Ingrese campos del valor por defecto (claves) y valores. Si agrega varios valores para un campo, el primero de será elegido. Estos valores predeterminados se utilizan también para ""emparejar"" reglas de permisos. Para ver la lista de campos, vaya a ""Personalizar Formulario"".",
Enter folder name,Introduzca nombre de carpeta,
"Enter static url parameters here (Eg. sender=ERPNext, username=ERPNext, password=1234 etc.)","Introduzca los parámetros de URL aquí (Ej. sender = ERPNext , nombre de usuario = ERPNext , contraseña = 1234 etc )",
Enter url parameter for message,Introduzca el parámetro url para el mensaje,
Enter url parameter for receiver nos,Introduzca el parámetro url para los números de los receptores,
Enter your password,Introduzca su contraseña,
Entity Name,Nombre de la Entidad,
Entity Type,Tipo de Entidad,
Equals,Iguales,
Error,Error,
Error Log,Registro de Errores,
Error Message,Mensaje de error,
"Error connecting to QZ Tray Application...<br><br> You need to have QZ Tray application installed and running, to use the Raw Print feature.<br><br><a target=""_blank"" href=""https://qz.io/download/"">Click here to Download and install QZ Tray</a>.<br> <a target=""_blank"" href=""https://erpnext.com/docs/user/manual/en/setting-up/print/raw-printing"">Click here to learn more about Raw Printing</a>.","Error al conectarse a la aplicación QZ Tray...<br><br> Debe tener la aplicación QZ Tray instalada y en ejecución, para usar la función de Impresión sin formato.<br><br> <a href=""https://qz.io/download/"" target=""_blank"">Haga clic aquí para descargar e instalar la bandeja QZ</a>. <br> <a href=""https://erpnext.com/docs/user/manual/en/setting-up/print/raw-printing"" target=""_blank"">Haga clic aquí para obtener más información sobre la impresión sin procesar</a>.",
Error connecting via IMAP/POP3: {e},Error al conectar vía IMAP/POP3: {e},
Error connecting via SMTP: {e},Error de conexión vía SMTP: {e},
Error has occurred in {0},Se produjo un error en {0},
Error in Client Script,Error en el script del cliente,
Error in Client Script.,Error en el script del cliente.,
Error in Header/Footer Script,Error en el script de encabezado/pie de página,
Error in Notification,Error en la Notificación,
Error in print format on line {0}: {1},Error en formato de impresión en línea {0}: {1},
Error while connecting to email account {0},Error al conectarte a la cuenta de correo electrónico {0},
Error while evaluating Notification {0}. Please fix your template.,Error al evaluar Notificación {0}. Por favor arregla tu plantilla.,
Error: Data missing in table {0},Error: Faltan datos en la tabla {0},
Error: Value missing for {0}: {1},Error: falta el valor para {0}: {1},
Error: {0} Row #{1}: Value missing for: {2},Error: {0} Fila #{1}: Valor faltante para: {2},
Errors,Errores,
Event,Evento,
Event Category,Categoría de Evento,
Event Frequency,Frecuencia del Evento,
Event Participants,Participantes del Evento,
Event Reminders,Recordatorios de eventos,
Event Synced with Google Calendar.,Evento sincronizado con Google Calendar.,
Event Type,Tipo de Evento,
Events,Eventos,
Events in Today's Calendar,Eventos en el calendario de hoy,
Everyone,Todos,
"Ex: ""colors"": [""#d1d8dd"", ""#ff5858""]","Ej: ""colores"": [""#d1d8dd"", ""#ff5858""]",
Exact Copies,Copias exactas,
Example,Ejemplo,
"Example: ""/desk""","Ejemplo:""/desk""",
Example: #Tree/Account,Ejemplo: #Tree/Account,
Example: 00001,Ejemplo: 00001,
Example: Setting this to 24:00 will log out a user if they are not active for 24:00 hours.,"Ejemplo: al configurar esto en 24:00, cerrará la sesión de un usuario si no está activo durante las 24:00 horas.",
Example: {{ subject }},Ejemplo: {{ subject }},
Excel,Excel,
Excellent,Excelente,
Exception,Excepción,
Execute,Ejecutar,
Execute Console script,Ejecutar el script de la consola,
Executing...,Ejecutando...,
Execution Time: {0} sec,Tiempo de ejecución: {0} segundos,
Executive,Ejecutivo,
Existing Role,Rol existente,
Expand,Expandir,
Expand All,Expandir todo,
Experimental,Experimental,
Expert,Experto,
Expiration time,Tiempo de expiración,
Expire Notification On,Notificación Expirará en,
Expired,Expirado,
Expires In,Expira en,
Expires On,Expira el,
Expiry time of QR Code Image Page,Tiempo de expiración de Pagina de Código QR,
Export,Exportar,
Export 1 record,Exportar 1 registro,
Export Custom Permissions,Exportar permisos personalizados,
Export Customizations,Exportar Personalizaciones,
Export Data,Exportar Datos,
Export Errored Rows,Exportar filas con errores,
Export From,Exportar desde,
Export Import Log,Exportar registro de importación,
Export Type,Tipo de Exportación,
Export all matching rows?,¿Exportar todas las filas coincidentes?,
Export all {0} rows?,¿Exportar todas las {0} filas?,
Export as zip,Exportar como zip,
Export not allowed. You need {0} role to export.,Exportación no permitida. Se necesita el rol {0} para exportar.,
Export the data without any header notes and column descriptions,Exportar los datos sin notas de encabezado ni descripciones de columnas,
Export without main header,Exportar sin encabezado principal,
Export {0} records,Exportar {0} registros,
Exported permissions will be force-synced on every migrate overriding any other customization.,Los permisos exportados se sincronizarán forzosamente en cada migración anulando cualquier otra personalización.,
Expose Recipients,Exponer Destinatarios,
Expression,Expresión,
Expression (old style),Expresión (estilo antiguo),
"Expression, Optional","Expresión, Opcional",
External Link,Enlace externo,
Extra Parameters,Parámetros extra,
Facebook,Facebook,
Fail,Falla,
Failed,Falló,
Failed Emails,Correos electrónicos fallidos,
Failed Job Count,Recuento de trabajos fallidos,
Failed Jobs,Trabajos fallidos,
Failed Logins (Last 30 days),Inicios de sesión fallidos (últimos 30 días),
Failed Transactions,Transacciones fallidas,
Failed to aquire lock: {}. Lock may be held by another process.,No se pudo adquirir el bloqueo: {}. Es posible que otro proceso tenga el bloqueo.,
Failed to change password.,No se pudo cambiar la contraseña.,
Failed to complete setup,Error al completar la instalación,
Failed to compute request body: {},Fallo al calcular el cuerpo de la solicitud: {},
Failed to connect to server,Error al conectar con el servidor,
"Failed to decode token, please provide a valid base64-encoded token.","No se pudo decodificar el token, proporcione un token codificado en base64 válido.",
Failed to decrypt key {0},Fallo al descifrar la clave {0},
Failed to delete {0} documents: {1},Error al eliminar documentos {0} : {1},
Failed to enable scheduler: {0},No se pudo habilitar el Programador: {0},
Failed to evaluate conditions: {},Fallo al evaluar las condiciones: {},
Failed to export python type hints,No se pudieron exportar las sugerencias de Python,
Failed to generate names from the series,Fallo al generar los Nombres de las Series,
Failed to generate preview of series,No se pudo generar la vista previa de la serie,
Failed to get method for command {0} with {1},Fallo al obtener el método para el comando {0} con {1},
Failed to get method {0} with {1},Fallo al obtener el método {0} con {1},
Failed to get site info,Fallo al obtener la información del sitio,
"Failed to import virtual doctype {}, is controller file present?","Fallo al importar doctype virtual {}, ¿está presente el archivo controlador?",
Failed to optimize image: {0},Fallo en la optimización de la imagen: {0},
Failed to render message: {},Fallo al renderizar el mensaje: {},
Failed to render subject: {},Fallo al procesar el asunto: {},
Failed to send email with subject:,Error al enviar correo electrónico con asunto:,
Failed to send notification email,Error al enviar el correo de notificación,
Failed to update global settings,No se pudo actualizar la configuración global,
Failed while calling API {0},Fallo al llamar a la API {0},
Failing Scheduled Jobs (last 7 days),Trabajos programados fallidos (últimos 7 días),
Failure,Fracaso,
Failure Rate,Tasa de fallos,
FavIcon,Favicon,
Fax,Fax,
Feedback,Retroalimentación,
Female,Femenino,
Fetch From,Obtener De,
Fetch Images,Buscar Imágenes,
Fetch attached images from document,Recuperar imágenes adjuntas del documento,
Fetch on Save if Empty,Obtener en Guardar si está vacío,
Fetching default Global Search documents.,Obteniendo documentos predeterminados de Global Search.,
Field,Campo,
"Field ""route"" is mandatory for Web Views","El campo ""ruta"" es obligatoria para las vistas web",
"Field ""title"" is mandatory if ""Website Search Field"" is set.","El campo ""título"" es obligatorio si se establece ""Campo de búsqueda en el sitio web"".",
"Field ""value"" is mandatory. Please specify value to be updated","El campo ""valor"" es obligatorio. Por favor, especifique un valor a ser actualizado",
Field Description,Descripción de Campo,
Field Missing,Falta campo,
Field Name,Nombre de Campo,
Field Orientation (Left-Right),Orientación del campo (izquierda-derecha),
Field Orientation (Top-Down),Orientación del campo (de arriba abajo),
Field Template,Plantilla de Campo,
Field Type,Tipo de campo,
Field not permitted in query,Campo no permitido en consulta,
"Field that represents the Workflow State of the transaction (if field is not present, a new hidden Custom Field will be created)","Campo que representa el estado del flujo de trabajo de la transacción (si el campo no está presente, se creará un nuevo campo personalizado oculto)",
Field to Track,Campo a seguir,
Field type cannot be changed for {0},El Tipo de Campo no se puede cambiar para {0},
Field {0} does not exist on {1},El campo {0} no existe en {1},
Field {0} is referring to non-existing doctype {1}.,El campo {0} se refiere a un doctype inexistente {1}.,
Field {0} not found.,Campo {0} no encontrado.,
Field {0} on document {1} is neither a Mobile number field nor a Customer or User link,El campo {0} del documento {1} no es ni un campo de número de móvil ni un enlace de cliente o usuario,
Fieldname,Nombre del campo,
Fieldname '{0}' conflicting with a {1} of the name {2} in {3},Nombre de campo '{0}' en conflicto con un {1} del nombre {2} en {3},
Fieldname called {0} must exist to enable autonaming,El nombre de campo llamado {0} debe existir para habilitar el nombre automático,
Fieldname is limited to 64 characters ({0}),Nombre de campo está limitado a 64 caracteres ({0}),
Fieldname not set for Custom Field,Nombre de campo no establecido para el dato personalizado,
Fieldname which will be the DocType for this link field.,Nombre de campo por el cual el 'DocType' enlazará el campo.,
Fieldname {0} appears multiple times,El nombre de campo {0} aparece varias veces,
Fieldname {0} cannot have special characters like {1},El nombre del campo {0} no puede tener caracteres especiales como {1},
Fieldname {0} conflicting with meta object,Nombre de campo {0} en conflicto con el metaobjeto,
Fieldname {0} is restricted,El nombre de campo {0} está restringido,
Fields,Campos,
Fields Multicheck,Campos Multicheck,
Fields `file_name` or `file_url` must be set for File,Los campos `file_name` o `file_url` deben establecerse para Archivo,
Fields must be a list or tuple when as_list is enabled,Los campos deben ser una lista o tupla cuando as_list está activado,
"Fields separated by comma (,) will be included in the ""Search By"" list of Search dialog box","Los campos separados por coma (,) se incluirán en el area ""Buscar por"" en el cuadro de búsqueda",
Fieldtype,FieldType,
Fieldtype cannot be changed from {0} to {1},Tipo de campo no se puede cambiar de {0} a {1},
Fieldtype cannot be changed from {0} to {1} in row {2},El tipo de campo de {0} no puede ser cambiado a {1} en la línea {2},
File,Archivo,
"File ""{0}"" was skipped because of invalid file type","Se ha omitido el archivo ""{0}"" debido a un tipo de archivo no válido",
File '{0}' not found,Archivo '{0}' no encontrado,
File Information,Información del archivo,
File Manager,Administrador de archivos,
File Name,Nombre del Archivo,
File Size,Tamaño de archivo,
File Storage,Almacenamiento de archivos,
File Type,Tipo de Archivo,
File URL,URL del archivo,
File backup is ready,La copia de seguridad de archivos está lista,
File name cannot have {0},El nombre de archivo no puede tener {0},
File not attached,Archivo no adjuntado,
File size exceeded the maximum allowed size of {0} MB,El tamaño del archivo supera el tamaño máximo permitido de {0} MB,
File too big,El archivo es demasiado grande,
File type of {0} is not allowed,El tipo de archivo {0} no está permitido,
File {0} does not exist,Archivo {0} no existe,
Files,Archivos,
Filter,Filtrar,
Filter By,Filtrar por,
Filter Data,Filtrar datos,
Filter List,Lista de Filtros,
Filter Meta,Filtro Meta,
Filter Name,Nombre del Filtro,
Filter Values,Valores del Filtro,
Filter...,Filtrar...,
Filtered By,Filtrado por,
Filtered Records,Registros filtrados,
"Filtered by ""{0}""","Filtrado por ""{0}""",
Filters,Filtros,
Filters Configuration,Configuración de filtros,
Filters Display,Visualización de Filtros,
Filters JSON,Filtros JSON,
Filters Section,Sección de filtros,
Filters applied for {0},Filtros aplicados para {0},
Filters saved,Filtros guardados,
"Filters will be accessible via <code>filters</code>. <br><br>Send output as <code>result = [result]</code>, or for old style <code>data = [columns], [result]</code>","Los filtros serán accesibles a través de <code>filters</code>. <br><br>Envíe la salida como <code>resultado = [resultado]</code>, o para el estilo antiguo <code>datos = [columnas], [resultado]</code>",
Filters {0},Filtros {0},
Filters:,Filtros:,
Find '{0}' in ...,Buscar '{0}' en...,
Find {0} in {1},Encontrar {0} en {1},
Finished,Terminado,
Finished At,Terminado el,
First Day of the Week,Primer día de la semana,
First Name,Primer Nombre,
First Success Message,Primer Mensaje de Éxito,
First data column must be blank.,La primera columna de datos debe estar en blanco.,
First set the name and save the record.,Primero configure el nombre y guarde el registro.,
Fit,Ajustar,
Flag,Bandera,
Float,Coma Flotante,
Float Precision,Factor de Redondeo,
Fold,Plegar,
Fold can not be at the end of the form,El plegado no se puede utilizar al final del formulario,
Fold must come before a Section Break,El plegado debe ir antes del salto de pagina,
Folder,Carpeta,
Folder Name,Nombre de la carpeta,
Folder name should not include '/' (slash),Nombre de carpeta no debe incluir '/' (slash),
Folder {0} is not empty,Carpeta {0} no está vacía,
Folio,Folio,
Follow,Seguir,
Followed by,Seguido por,
Following Report Filters have missing values:,Los siguientes filtros de informe tienen valores faltantes:,
Following document {0},Documentos seguidos {0},
Following fields are missing:,Siguientes campos faltan:,
Following fields have invalid values:,Los siguientes campos tienen valores no válidos:,
Following fields have missing values,Siguientes campos tienen valores que faltan,
Following fields have missing values:,Siguientes campos tienen valores que faltan:,
Font,Fuente,
Font Properties,Propiedades de fuente,
Font Size,Tamaño de la fuente,
Fonts,Fuentes,
Footer,Pie de página,
"Footer ""Powered By""","Pie de página ""Desarrollado por""",
Footer Based On,Pie de página basado en,
Footer Content,Contenido del Pie de Página,
Footer Details,Detalles del Pie de Página,
Footer HTML,HTML de pie de página,
Footer HTML set from attachment {0},HTML de pie de página establecido a partir del archivo adjunto {0},
Footer Image,Imagen del Pie de Página,
Footer Items,Elementos de pie de página,
Footer Logo,Logotipo de pie de página,
Footer Script,Script de Pie de Página,
Footer Template,Plantilla de pie de página,
Footer Template Values,Valores de plantilla de pie de página,
Footer might not be visible as {0} option is disabled</div>,Es posible que el pie de página no sea visible porque la opción {0} está desactivada.</div>,
Footer will display correctly only in PDF,El pie de página se mostrará correctamente solo en PDF,
For DocType,Para el DocType,
For DocType Link / DocType Action,Para DocType Link / DocType Action,
For Document,Para el documento,
For Document Type,Por tipo de documento,
For Example: {} Open,Por ejemplo: {} Abrir,
"For Links, enter the DocType as range.
For Select, enter list of Options, each on a new line.","Para Enlaces, introduzca el DocType como rango.
Para Seleccionar, introduzca la lista de Opciones, cada una en una nueva línea.",
For User,Por Usuario,
For Value,Por valor,
"For comparison, use >5, <10 or =324. For ranges, use 5:10 (for values between 5 & 10).","Para la comparación, utilice >5, <10 o =324. Para rangos, utilice 5:10 (para valores entre 5 y 10).",
For example if you cancel and amend INV004 it will become a new document INV004-1. This helps you to keep track of each amendment.,"Por ejemplo, si cancela y modifica el documento INV004, éste se convertirá en un nuevo documento INV004-1. Esto le ayuda a realizar un seguimiento de cada modificación.",
For example:,Por ejemplo:,
"For example: If you want to include the document ID, use {0}","Por ejemplo: Si desea incluir el ID de documento, utilice {0}",
For example: {} Open,Por ejemplo: {} Abrir,
"For help see <a href=""https://frappeframework.com/docs/user/en/guides/portal-development/web-forms"" target=""_blank"">Client Script API and Examples</a>","Para obtener ayuda, consulte <a href=""https://frappeframework.com/docs/user/en/guides/portal-development/web-forms"" target=""_blank"">Ejemplos y API de script de cliente</a>",
"For more information, {0}.","Para más información, {0}.",
"For multiple addresses, enter the address on different line. e.g. test@test.com ⏎ test1@test.com","Para varias direcciones, introduzca la dirección en una línea diferente. Por ejemplo: test@test.com ⏎ test1@test.com",
"For updating, you can update only selective columns.","Para actualizar datos, puedes editar sólo las columnas que necesites",
For {0} at level {1} in {2} in row {3},Para {0} en el nivel {1} en {2} de la línea {3},
Force,Fuerza,
Force Re-route to Default View,Forzar redireccionamiento a la vista predeterminada,
Force Show,Forzar a Mostrar,
Force Stop job,Forzar detención del trabajo,
Force User to Reset Password,Forzar al usuario a restablecer la contraseña,
Force Web Capture Mode for Uploads,Forzar el modo de captura web para las cargas,
Forgot Password?,¿Se te olvidó tu contraseña?,
Form,Formulario,
Form Builder,Creador de Formularios,
Form Dict,Diccionario del Formulario,
Form Settings,Configuraciones de formulario,
Form Tour,Recorrido por formularios,
Form Tour Step,Formulario de paso de visita,
Form URL-Encoded,Formulario codificado en URL,
Format,Formato,
Format Data,Formato de datos,
Fortnightly,Quincenal,
Forward,Adelante,
Forward To Email Address,Reenviar a la dirección de correo electrónico,
Fraction,Fracción,
Fraction Units,Fracción de unidades,
Frappe,Frapé,
Frappe Framework,Frappe Framework,
Frappe Light,Frappe claro,
Frappe Mail,Frappe Mail,
Frappe Mail OAuth Error,Error OAuth Frappe Mail,
Frappe Mail Site,Sitio Frappe Mail,
Frappe Support,Soporte de Frappe,
Frappe page builder using components,Constructor de páginas Frappe mediante componentes,
Frequency,Frecuencia,
Friday,Viernes,
From,Desde,
From Date,Desde la fecha,
From Date Field,Desde campo de fecha,
From Document Type,Desde tipo de documento,
From Full Name,Desde Nombre Completo,
From User,Del usuario,
From version,Desde la versión,
Full,Completo,
Full Name,Nombre completo,
Full Page,Página completa,
Full Width,Ancho completo,
Function,Función,
Function Based On,Función basada en,
Function {0} is not whitelisted.,La función {0} no está en la lista blanca.,
Further nodes can be only created under 'Group' type nodes,Sólo se pueden crear más nodos bajo nodos de tipo 'Grupo',
Fw: {0},Fw: {0},
GET,GET,
GMail,GMail,
GNU Affero General Public License,Licencia Pública General de GNU Affero,
GNU General Public License,Licencia Pública General de GNU,
Gantt,Gantt,
Gantt View,Vista Gantt,
Gender,Género,
Genderqueer,Género Queer,
General,General,
Generate Keys,Generar Llaves,
Generate New Report,Generar Nuevo Informe,
Generate Random Password,Generar Contraseña Aleatoria,
Generate Tracking URL,Generar URL de seguimiento,
Geoapify,Geoapify,
Geolocation,Geolocalización,
Geolocation Settings,Ajustes de geolocalización,
Get Alerts for Today,Recibe alertas para Hoy,
Get Backup Encryption Key,Obtener Clave de Cifrado de Copia de Seguridad,
Get Contacts,Obtener Contactos,
Get Fields,Obtener Campos,
Get Header and Footer wkhtmltopdf variables,Obtener variables de encabezado y pie de página wkhtmltopdf,
Get Items,Obtener artículos,
Get OpenID Configuration,Obtener configuración de OpenID,
Get PDF,Obtener PDF,
Get a preview of generated names with a series.,Obtenga una vista previa de los nombres generados con una serie.,
Get more insights with,Obtenga más información con,
Get notified when an email is received on any of the documents assigned to you.,Reciba una notificación cuando se reciba un correo electrónico sobre cualquiera de los documentos que se le hayan asignado.,
Get your globally recognized avatar from Gravatar.com,Obtenga su avatar reconocido globalmente desde Gravatar.com,
Git Branch,Rama de Git,
GitHub,GitHub,
Github flavoured markdown syntax,Sintaxis Markdown con sabor a Github,
Global Search DocType,Búsqueda global DocType,
Global Search Document Types Reset.,Búsqueda global de tipos de documentos Restablecer.,
Global Search Settings,Configuración de búsqueda global,
Global Shortcuts,Atajos globales,
Global Unsubscribe,Darse de baja globalmente,
Go,Buscar,
Go Back,Regresa,
Go to Notification Settings List,Ir a la Lista de Ajustes de Notificaciones,
Go to Page,Ir a la pagina,
Go to Workflow,Ir al Flujo de Trabajo,
Go to Workspace,Ir al Área de Trabajo,
Go to next record,Ir al siguiente registro,
Go to previous record,Ir al registro anterior,
Go to the document,Ir al documento,
Go to this URL after completing the form,Ir a esta dirección después de completar el formulario.,
Go to {0},Ir a {0},
Go to {0} List,Ir a la lista {0},
Go to {0} Page,Ir a la página {0},
Goal,Objetivo,
Google,Google,
Google Analytics ID,ID de Google Analytics,
Google Analytics anonymise IP,Anonimato IP de Google Analytics.,
Google Calendar,Calendario de Google,
Google Calendar - Contact / email not found. Did not add attendee for -<br>{0},Google Calendar - Contacto / correo electrónico no encontrado. No se ha añadido el asistente para -<br>{0},
"Google Calendar - Could not create Calendar for {0}, error code {1}.","Google Calendar: no se pudo crear el calendario para {0}, código de error {1}.",
"Google Calendar - Could not delete Event {0} from Google Calendar, error code {1}.","Google Calendar: no se pudo eliminar el evento {0} de Google Calendar, código de error {1}.",
"Google Calendar - Could not fetch event from Google Calendar, error code {0}.","Google Calendar: no se pudo recuperar el evento de Google Calendar, código de error {0}.",
"Google Calendar - Could not find Calendar for {0}, error code {1}.","Google Calendar - No se ha podido encontrar el calendario para {0}, código de error {1}.",
"Google Calendar - Could not insert contact in Google Contacts {0}, error code {1}.","Calendario de Google: no se pudo insertar el contacto en Contactos de Google {0}, código de error {1}.",
"Google Calendar - Could not insert event in Google Calendar {0}, error code {1}.","Google Calendar: no se pudo insertar el evento en Google Calendar {0}, código de error {1}.",
"Google Calendar - Could not update Event {0} in Google Calendar, error code {1}.","Google Calendar: no se pudo actualizar el evento {0} en Google Calendar, código de error {1}.",
Google Calendar Event ID,ID de evento de Google Calendar,
Google Calendar ID,ID de Google Calendar,
Google Calendar has been configured.,Google Calendar ha sido configurado.,
Google Contacts,Contactos de Google,
"Google Contacts - Could not sync contacts from Google Contacts {0}, error code {1}.","Contactos de Google: no se pudieron sincronizar los contactos de Contactos de Google {0}, código de error {1}.",
"Google Contacts - Could not update contact in Google Contacts {0}, error code {1}.","Contactos de Google: no se pudo actualizar el contacto en Contactos de Google {0}, código de error {1}.",
Google Contacts Id,Id de contactos de Google,
Google Drive,Google Drive,
Google Drive Picker,Google Drive Picker,
Google Drive Picker Enabled,Selector de Google Drive habilitado,
Google Font,Fuente de Google,
Google Meet Link,Enlace Google Meet,
Google Settings,Configuraciones de Google,
Google Sheets URL is invalid or not publicly accessible.,La URL de Google Sheets no es válida o no es de acceso público.,
"Google Sheets URL must end with ""gid={number}"". Copy and paste the URL from the browser address bar and try again.","La URL de Google Sheets debe terminar con ""gid={number}"". Copie y pegue la URL de la barra de direcciones del navegador e inténtelo de nuevo.",
Grant Type,Tipo de Subvención,
Graph,Gráfico,
Gray,Gris,
Greater Than,Mayor que,
Greater Than Or Equal To,Mayor o igual que,
Green,Verde,
Grid Empty State,Estado vacío de cuadrícula,
Grid Shortcuts,Atajos de la cuadrícula,
Group,Grupo,
Group By,Agrupar por,
Group By Based On,Agrupar por según,
Group By Type,Agrupar por tipo,
Group By field is required to create a dashboard chart,"El campo agrupar por, es obligatorio para crear un gráfico del tablero",
Group Node,Agrupar por nota,
Group Object Class,Clase de Objeto Grupo,
Grouped by <span style='font-weight:600;'>{0}</b>,Agrupados por <span style='font-weight:600;'>{0}</b>,
HEAD,HEAD,
HERE,AQUÍ,
HH:mm,HH: mm,
HH:mm:ss,HH: mm: ss,
HTML,HTML,
HTML Editor,Editor de HTML,
HTML Page,Página HTML,
HTML for header section. Optional,HTML para la sección de encabezado. opcional,
HTML with jinja support,HTML con soporte jinja,
Half,Mitad,
Half Yearly,Semestral,
Half-yearly,Medio año,
Handled Emails,Correos Manejados,
Has  Attachment,Tiene Adjunto,
Has Domain,Tiene Dominio,
Has Next Condition,Tiene siguiente condición,
Has Role,Tiene Rol,
Has Web View,Tiene vista Web,
Have an account? Login,¿Tiene una cuenta? Iniciar sesión,
Header,Encabezado,
Header HTML,HTML de encabezado,
Header HTML set from attachment {0},Encabezado HTML establecido desde el archivo adjunto {0},
Header Script,Script de Cabecera,
Header and Breadcrumbs,Encabezado y migas de pan,
"Header, Robots","Encabezado, Robots",
Header/Footer scripts can be used to add dynamic behaviours.,Los scripts de encabezado y pie de página se pueden utilizar para agregar comportamientos dinámicos.,
Headers,Encabezados,
Heading,Encabezado,
Heatmap,Mapa de calor,
Hello,Hola,
"Hello,","Hola,",
Help,Ayuda,
Help Article,Artículo de Ayuda,
Help Articles,Artículos de Ayuda,
Help Category,Categoría de Ayuda,
Help Dropdown,Menú desplegable de ayuda,
Help HTML,Ayuda 'HTML',
Help on Search,Ayuda en Búsqueda,
"Help: To link to another record in the system, use ""/app/note/[Note Name]"" as the Link URL. (don't use ""http://"")","Ayuda: Para vincular a otro registro en el sistema, use ""/app/note/[Note Name]"" como URL del vínculo. (no utilice ""http://"")",
Helpful,Útil,
Helvetica,Helvética,
Helvetica Neue,Helvetica Neue,
Here's your tracking URL,Esta es tu URL de seguimiento,
Hi {0},Hola {0},
Hidden,Oculto,
Hidden Fields,Campos ocultos,
Hide,Esconder,
Hide Block,Ocultar bloque,
Hide Border,Ocultar borde,
Hide Buttons,Ocultar botones,
Hide Copy,Ocultar copia,
Hide Custom DocTypes and Reports,Ocultar tipos de documentos e informes personalizados,
Hide Days,Ocultar días,
Hide Descendants,Ocultar descendientes,
Hide Error,Ocultar error,
Hide Label,Ocultar etiqueta,
Hide Login,Ocultar inicio de sesión,
Hide Preview,Ocultar vista previa,
"Hide Previous, Next and Close button on highlight dialog.","Ocultar los botones Anterior, Siguiente y Cerrar en el diálogo de resaltado.",
Hide Saved,Ocultar guardados,
Hide Seconds,Ocultar segundos,
"Hide Sidebar, Menu, and Comments","Ocultar Barra Lateral, Menú y Comentarios",
Hide Standard Menu,Ocultar Menú Estándar,
Hide Tags,Ocultar etiquetas,
Hide Weekends,Ocultar Fines de Semana,
Hide descendant records of <b>For Value</b>.,Ocultar registros descendientes de <b>Por valor</b>.,
Hide details,Ocultar detalles,
Hide footer,Ocultar Píe de página,
Hide footer in auto email reports,Ocultar pie de página en informes de correo electrónico automático,
Hide footer signup,"Ocultar ""registrarse"" de pie de página",
Hide navbar,Ocultar barra de navegación,
High,Alto,
Higher priority rule will be applied first,La regla de mayor prioridad se aplicará primero,
Highlight,Resaltar,
"Hint: Include symbols, numbers and capital letters in the password","Sugerencia: Incluya símbolos, números y letras mayúsculas en la contraseña",
Home,Inicio,
Home Page,Página de inicio,
Home Settings,Configuraciones de inicio,
Home/Test Folder 1,Inicio / Carpeta Prueba 1,
Home/Test Folder 1/Test Folder 3,Carpeta Inicio / Test 1 / Carpeta Prueba 3,
Home/Test Folder 2,Inicio / Carpeta de Prueba 2,
Hourly,Cada Hora,
Hourly Long,Cada hora,
Hourly rate limit for generating password reset links,Límite de tarifa por hora para generar enlaces de restablecimiento de contraseña,
"How should this currency be formatted? If not set, will use system defaults","¿Cómo se debe formatear esta moneda? Si no se establece, el sistema utilizará los valores por defecto",
ID,Identificador,D
ID (name),ID (nombre),
ID (name) of the entity whose property is to be set,Identificación ( nombre) de la entidad cuya propiedad va a establecerse,
"IDs must contain only alphanumeric characters, not contain spaces, and should be unique.","Los ID sólo deben contener caracteres alfanuméricos, no deben contener espacios y deben ser únicos.",
IMAP Details,Detalles IMAP,
IMAP Folder,Carpeta IMAP,
IP Address,Dirección IP,
Icon,Icono,
Icon will appear on the button,El icono aparecerá en el botón,
Identity Details,Detalles de Identidad,
Idx,Índice,
"If Apply Strict User Permission is checked and User Permission is defined for a DocType for a User, then all the documents where value of the link is blank, will not be shown to that User","Si Aplicar Permisos de Usuario Estricto esta seleccionado y se ha definido Permiso de Usuario para un DocType para un Usuario, todos los documentos en los que el valor del enlace esté en blanco no se mostrarán a ese Usuario",
If Checked workflow status will not override status in list view,Si el estado de flujo de trabajo facturado no anulará el estado en la vista de lista,
If Owner,Si es dueño,
"If a Role does not have access at Level 0, then higher levels are meaningless.","Si un rol no tiene acceso al nivel 0, los niveles superiores carecen de sentido.",
"If checked, all other workflows become inactive.","Si se selecciona, los otros flujos de trabajo serán desactivados.",
"If checked, negative numeric values of Currency, Quantity or Count would be shown as positive","Si se marca, los valores numéricos negativos de Moneda, Cantidad o Recuento se mostrarán como positivos",
"If checked, users will not see the Confirm Access dialog.","Si se selecciona, los usuarios no podrán ver el cuadro de diálogo de confirmación de acceso.",
"If disabled, this role will be removed from all users.","Si está desactivado, este rol será eliminado de todos los usuarios.",
"If enabled,  user can login from any IP Address using Two Factor Auth, this can also be set for all users in System Settings","Si está habilitado, el usuario puede iniciar sesión desde cualquier dirección IP utilizando la autenticación de dos factores, esto también se puede configurar para todos los usuarios en la configuración del sistema",
"If enabled, all responses on the web form will be submitted anonymously","Si está habilitado, todas las respuestas en el formulario web se enviarán de forma anónima.",
"If enabled, all users can login from any IP Address using Two Factor Auth. This can also be set only for specific user(s) in User Page","Si se activa, todos los usuarios pueden iniciar sesión desde cualquier dirección IP utilizando la Autenticación de Dos Factores. Esto también se puede establecer sólo para usuario(s) específico(s) en la Página de Usuario",
"If enabled, changes to the document are tracked and shown in timeline","Si está habilitado, los cambios en el documento se rastrean y se muestran en la línea de tiempo",
"If enabled, document views are tracked, this can happen multiple times","Si está habilitado, se realiza un seguimiento de las vistas de documentos, esto puede suceder varias veces",
"If enabled, the document is marked as seen, the first time a user opens it","Si está habilitado, el documento se marca como visto, la primera vez que un usuario lo abre",
"If enabled, the notification will show up in the notifications dropdown on the top right corner of the navigation bar.","Si está habilitado, la notificación se mostrará en el menú desplegable de notificaciones en la esquina superior derecha de la barra de navegación.",
"If enabled, users who login from Restricted IP Address, won't be prompted for Two Factor Auth","Si está habilitado, a los usuarios que inicien sesión desde la Dirección IP Restringida, no se les solicitará la autenticación de dos factores.",
"If enabled, users will be notified every time they login. If not enabled, users will only be notified once.","Si está activado, los usuarios serán notificados cada vez que inicien sesión. Si no está habilitado, los usuarios solo serán notificados una vez.",
"If left empty, the default workspace will be the last visited workspace","Si se deja vacío, el Área de Trabajo predeterminado será la última Área de Trabajo visitado",
If non standard port (e.g. 587),Si el puerto no es estándar (por ejemplo 587 ),
"If non standard port (e.g. 587). If on Google Cloud, try port 2525.","Si el puerto no es estándar (p. Ej. 587). Si está en Google Cloud, intente con el puerto 2525.",
"If non-standard port (e.g. POP3: 995/110, IMAP: 993/143)","Si no es un puerto estándar (por ejemplo, POP3: 995/110, IMAP: 993/143)",
"If not set, the currency precision will depend on number format","Si no se establece, la precisión de la moneda dependerá del formato de número",
"If set, only user with these roles can access this chart. If not set, DocType or Report permissions will be used.","Si se establece, sólo los usuarios con estos roles podrán acceder a este gráfico. Si no se establece, se utilizarán los permisos DocType o Informe.",
"If the user has any role checked, then the user becomes a ""System User"". ""System User"" has access to the desktop","Si el usuario tiene algún rol asignado, entonces el usuario se convierte en un ""Usuario del Sistema"". Los ""Usuarios del sistema"" tienen acceso al escritorio",
"If these instructions where not helpful, please add in your suggestions on GitHub Issues.","Si estas instrucciones no le resultan útiles, añada sus sugerencias en GitHub Issues.",
"If unchecked, the value will always be re-fetched on save.","Si no está marcado, el valor siempre será recuperado al guardar.",
If user is the owner,Si el usuario es el propietario,
"If you are updating, please select ""Overwrite"" else existing rows will not be deleted.","Si está actualizando, por favor seleccione ""Sobrescribir"" para eliminar las filas existentes.",
"If you are uploading new records, ""Naming Series"" becomes mandatory, if present.","Si va a cargar nuevos registros, y existen ""Secuencias e identificadores"", estas serán obligatorias",
"If you are uploading new records, leave the ""name"" (ID) column blank.","Si desea cargar nuevos registros, deje en blanco la columna ""name"" (ID)",
"If you set this, this Item will come in a drop-down under the selected parent.","Si usted habilita esto, el elemento creará un menú desplegable",
"If you think this is unauthorized, please change the Administrator password.","Si usted piensa que esto no está autorizado, por favor, cambie la contraseña del administrador.",
"If your CSV uses a different delimiter, add that character here, ensuring no spaces or additional characters are included.","Si su CSV utiliza un delimitador diferente, añada ese carácter aquí, asegurándose de no incluir espacios ni caracteres adicionales.",
"If your data is in HTML, please copy paste the exact HTML code with the tags.","Si los datos están en formato HTML, por favor copiar y pegar el código HTML exacto con las etiquetas.",
Ignore User Permissions,Ignorar los permisos de usuario,
Ignore XSS Filter,Ignorar filtro XSS,
Ignore attachments over this size,Ignorar los adjuntos mayores que este tamaño,
Ignored Apps,Aplicaciones ignoradas,
Illegal Document Status for {0},Estado del Documento ilegal para {0},
Illegal SQL Query,Consulta SQL ilegal,
Illegal template,Plantilla ilegal,
Image,Imagen,
Image Field,Campo de Imagen,
Image Height,Altura de la Imagen,
Image Link,Enlace a la Imagen,
Image View,Vista de Imagen,
Image Width,Ancho de la imagen,
Image field must be a valid fieldname,Campo de imagen debe ser un nombre de campo válido,
Image field must be of type Attach Image,Campo de imagen debe ser de tipo Adjuntar imagen,
Image link '{0}' is not valid,El enlace de la imagen '{0}' no es válido,
Image optimized,Imagen optimizada,
Image: Corrupted Data Stream,Imagen: Flujo de datos corruptos,
Images,Imágenes,
Impersonate,Suplantar,
Impersonate as {0},Suplantando a {0},
Impersonated by {0},Suplantado por {0},
Impersonating {0},Suplantando {0},
Implement `clear_old_logs` method to enable auto error clearing.,Implementar el método `clear_old_logs` para habilitar la limpieza automática de errores.,
Implicit,Implícito,
Import,Importar / Exportar,
Import Email From,Importar correo electrónico de,
Import File,Importar archivo,
Import File Errors and Warnings,Importar errores y advertencias de archivos,
Import Log,Importar registro,
Import Log Preview,Vista previa de registro de importación,
Import Preview,Vista previa de importación,
Import Progress,Progreso de importación,
Import Subscribers,Importar suscriptores,
Import Type,Tipo de importación,
Import Warnings,Advertencias de importación,
Import Zip,Importar Zip,
Import from Google Sheets,Importar desde Google Sheets,
"Import template should be of type .csv, .xlsx or .xls","La plantilla de importación debe ser de tipo .csv, .xlsx o .xls",
Import template should contain a Header and atleast one row.,La plantilla de importación debe contener un encabezado y al menos una fila.,
"Import timed out, please re-try.","Se ha agotado el tiempo de importación, por favor vuelva a intentarlo.",
Importing {0} is not allowed.,La importación de {0} no está permitida.,
Importing {0} of {1},Importando {0} de {1},
"Importing {0} of {1}, {2}","Importar {0} de {1}, {2}",
In,En,
In Days,En días,
In Filter,En filtro,
In Global Search,En Búsqueda Global,
In Grid View,En vista de cuadrícula,
In List Filter,En filtro de Lista,
In List View,En vista de lista,
In Minutes,En Minutos,
In Preview,En vista previa,
In Progress,En Progreso,
In Read Only Mode,En modo de solo lectura,
In Reply To,En respuesta a,
In Standard Filter,En Filtro predeterminado,
In points. Default is 9.,En puntos. el valor por defecto es 9.,
In seconds,En segundos,
Inactive,Inactivo,
Inbox,Bandeja de entrada,
Inbox User,Usuario de la bandeja de entrada,
Inbox View,Vista de buzón,
Include Disabled,Incluye Deshabilitado,
Include Name Field,Incluir campo de nombre,
Include Search in Top Bar,Incluir Buscar en Barra Superior,
Include Theme from Apps,Incluir tema de aplicaciones,
Include Web View Link in Email,Enviar el enlace de la vista web del documento por correo electrónico,
Include filters,Incluir filtros,
Include indentation,Incluir sangría,
"Include symbols, numbers and capital letters in the password","Incluir símbolos, números y letras mayúsculas en la contraseña",
Incoming,Entrante,
Incoming (POP/IMAP) Settings,Configuración entrante (POP/IMAP),
Incoming Emails (Last 7 days),Correos electrónicos entrantes (últimos 7 días),
Incoming Server,Servidor entrante,
Incoming Settings,Configuración entrante,
Incoming email account not correct,Cuenta de Correo Electrónico entrante no es correcta,
Incomplete Virtual Doctype Implementation,Implementación incompleta del DocType virtual,
Incomplete login details,Detalles de inicio de sesión incompletos,
Incorrect Configuration,Configuración incorrecta,
Incorrect URL,URL incorrecta,
Incorrect User or Password,Usuario o Contraseña Incorrecta,
Incorrect Verification code,Código de Verificación incorrecto,
Incorrect value in row {0}:,Valor incorrecto en la fila {0}:,
Incorrect value:,Valor incorrecto:,
Index,Índice,
Index Web Pages for Search,Índice de páginas web para búsqueda,
Index created successfully on column {0} of doctype {1},Índice creado con éxito en la columna {0} del doctype {1},
Indexing authorization code,Código de autorización de indexación,
Indexing refresh token,Token de actualización de indexación,
Indicator,Indicador,
Indicator Color,Color del indicador,
Indicator color,Color del indicador,
Info,Información,
Info:,Información:,
Initial Sync Count,Conde de sincronización inicial,
InnoDB,InnoDB,
Input existing role name if you would like to extend it with access of another role.,Introduzca el nombre del rol existente si desea ampliarlo con el acceso de otro rol.,
Insert,Insertar,
Insert Above,Insertar Arriba,
Insert After,Insertar Después,
Insert After cannot be set as {0},Insertar después no se puede establecer como {0},
"Insert After field '{0}' mentioned in Custom Field '{1}', with label '{2}', does not exist","Inserción luego del campo '{0}' mencionado en el campo personalizado '{1}', con la etiqueta '{2}', no existe",
Insert Below,Insertar Debajo,
Insert Column Before {0},Insertar Columna Antes de {0},
Insert Image in Markdown,Insertar imagen en Markdown,
Insert New Records,Insertar nuevos registros,
Insert Style,Insertar estilo,
Install {0} from Marketplace,Instale {0} desde Marketplace,
Installed Application,Aplicación instalada,
Installed Applications,Aplicaciones instaladas,
Installed Apps,Aplicaciones instaladas,
Instructions,Instrucciones,
Instructions Emailed,Instrucciones enviadas por correo electrónico,
Insufficient Permission Level for {0},Nivel de permiso insuficiente para {0},
Insufficient Permission for {0},Permiso insuficiente para {0},
Insufficient Permissions for deleting Report,Permisos insuficientes para eliminar el informe,
Insufficient Permissions for editing Report,Permisos insuficientes para eliminar el informe,
Insufficient attachment limit,Límite de archivos adjuntos insuficiente,
Int,Int,
Integration Request,Solicitud de integración,
Integrations,Integraciones,
Integrations can use this field to set email delivery status,Integraciones pueden utilizar este campo para establecer el estado de entrega de correo electrónico,
Inter,Inter.,
Interests,Intereses,
Intermediate,Intermedio,
Internal Server Error,Error de Servidor Interno,
Internal record of document shares,Registro interno de compartir documentos,
Intro Video URL,URL del vídeo de introducción,
Introduce your company to the website visitor.,Dar a conocer su empresa al visitante del sitio Web.,
Introduction,Introducción,
Introductory information for the Contact Us Page,Información preliminar de la página de contacto,
Introspection URI,URI de introspección,
Invalid,Inválido,
"Invalid ""depends_on"" expression","Expresión ""depende_on"" no válida",
"Invalid ""depends_on"" expression set in filter {0}","Expresión ""depende_on"" no válida establecida en el filtro {0}",
"Invalid ""mandatory_depends_on"" expression","Expresión ""obligory_depends_on"" inválida",
Invalid Action,Acción inválida,
Invalid CSV Format,Formato CSV no válido,
Invalid Code. Please try again.,Código inválido. Por favor vuelve a intentar.,
Invalid Condition: {},Condición inválida: {},
Invalid Credentials,Credenciales no válidas,
Invalid Date,Fecha invalida,
Invalid DocType,DocType inválido,
Invalid DocType: {0},DocType no válido: {0},
Invalid Fieldname,Nombre de campo no válido,
Invalid File URL,URL de archivo inválida,
Invalid Filter Format for field {0} of type {1}. Try using filter icon on the field to set it correctly,Formato de filtro no válido para el campo {0} de tipo {1}. Pruebe a utilizar el icono de filtro en el campo para configurarlo correctamente,
Invalid Filter Value,Valor de filtro inválido,
Invalid Home Page,Error en la página de Inicio,
Invalid Link,Link Inválido,
Invalid Login Token,Token de Acceso Inválido,
Invalid Login. Try again.,Ingreso inválido. Intentar otra vez.,
Invalid Mail Server. Please rectify and try again.,Servidor de correo no válido. Por favor verifique la configuración y vuelva a intentarlo.,
Invalid Naming Series: {},Serie de nombres no válida: {},
Invalid Operation,Operación inválida,
Invalid Option,Opción inválida,
Invalid Outgoing Mail Server or Port: {0},Servidor o puerto de correo saliente no válido: {0},
Invalid Output Format,Formato de salida no válido,
Invalid Override,Anulación no válida,
Invalid Parameters.,Parámetros Inválidos.,
Invalid Password,Contraseña invalida,
Invalid Phone Number,Numero de telefono invalido,
Invalid Request,Solicitud inválida,
Invalid Search Field {0},Campo de búsqueda no válido {0},
Invalid Table Fieldname,Nombre del Campo de Tabla Inválido,
Invalid Transition,Transición inválida,
Invalid URL,URL invalida,
Invalid User Name or Support Password. Please rectify and try again.,"Nombre de usuario o contraseña de soporte inválido, por favor verifique e inténtelo de nuevo.",
Invalid Values,Valores inválidos,
Invalid Webhook Secret,Secreto de Webhook inválido,
Invalid aggregate function,Función de agregación inválida,
Invalid column,Columna inválida,
Invalid docstatus,Estado del documento no válido,
Invalid expression set in filter {0},Conjunto de expresión no válida en el filtro {0},
Invalid expression set in filter {0} ({1}),Conjunto de expresión no válida en el filtro {0} ({1}),
Invalid field name {0},Nombre de campo inválido {0},
Invalid fieldname '{0}' in autoname,Nombre de campo no válido '{0}' en nombre automático,
Invalid file path: {0},Ruta no válida archivo: {0},
Invalid filter: {0},Filtro no válido: {0},
Invalid json added in the custom options: {0},JSON no válido agregado en las opciones personalizadas: {0},
Invalid name type (integer) for varchar name column,Tipo de nombre no válido (entero) para la columna de nombre varchar,
Invalid naming series {}: dot (.) missing,Serie de nombres {} no válida: falta el punto (.),
Invalid or corrupted content for import,Contenido no válido o dañado para importar,
Invalid redirect regex in row #{}: {},Regex de redirección no válida en la fila #{}: {},
Invalid request arguments,Argumentos de solicitud inválidos,
Invalid template file for import,Archivo de plantilla no válido para importar,
Invalid token state! Check if the token has been created by the OAuth user.,¡Estado de token no válido! Compruebe si el token ha sido creado por el usuario OAuth.,
Invalid username or password,Nombre de usuario o contraseña inválidos,
Invalid value specified for UUID: {},Valor no válido para UUID: {},
Invalid wkhtmltopdf version,Versión wkhtmltopdf no válida,
Invalid {0} condition,Condición {0} no válida,
Inverse,inverso,
Invite as User,Invitar como usuario,
Is,Es,
Is Active,Está activo,
Is Attachments Folder,Es carpeta Archivos adjuntos,
Is Calendar and Gantt,Es Calendario y Gantt,
Is Child Table,Es una tabla secundaria,
Is Complete,Esta completo,
Is Completed,Está completado,
Is Custom,Es personalizado,
Is Custom Field,Es un campo personalizado,
Is Default,Es por defecto,
Is Dynamic URL?,¿Es una URL dinámica?,
Is Folder,Es Carpeta,
Is Global,Es Global,
Is Hidden,Está oculto,
Is Home Folder,Es Carpeta,
Is Mandatory Field,Es un campo obligatorio,
Is Optional State,Es un estado opcional,
Is Primary,Es primaria,
Is Primary Contact,Es el contacto principal,
Is Primary Mobile,Es el móvil principal,
Is Primary Phone,Es el teléfono principal,
Is Private,Es privado,
Is Public,Es público,
Is Published Field,Es campo publicable,
Is Published Field must be a valid fieldname,Es Campo Publicable debe ser un nombre de campo válido,
Is Query Report,Es Informe de Consulta,
Is Remote Request?,¿Es la solicitud remota?,
Is Single,Es individual,
Is Skipped,Se omite,
Is Spam,Es Spam,
Is Standard,Es estándar,
Is Submittable,Se puede validar,
Is System Generated,Es generado por el sistema,
Is Table,Es Tabla,
Is Table Field,Es campo de tabla,
Is Tree,Es árbol,
Is Unique,Es único,
Is Virtual,Es Virtual,
Is standard,Es estándar,
It is risky to delete this file: {0}. Please contact your System Manager.,"Es arriesgado eliminar este archivo: {0}. Por favor, póngase en contacto con el administrador del sistema.",
Item Label,Etiqueta de artículo,
Item Type,Tipo de artículo,
Item cannot be added to its own descendants,El producto no se puede añadir a sus propios heredados,
JS,JS,
JS Message,Mensaje JS,
JSON,JSON,
JSON Request Body,Cuerpo de solicitud JSON,
Jane Doe,María Pérez,
JavaScript,JavaScript,
JavaScript Format: frappe.query_reports['REPORTNAME'] = {},Formato JavaScript: frappe.query_reports['REPORTNAME'] = {},
Javascript,Javascript,
Javascript is disabled on your browser,Javascript está deshabilitado en su navegador,
Jinja,Jinja,
Job ID,Id del Trabajo,
Job Id,Id del Trabajo,
Job Info,Info de Trabajo,
Job Name,Nombre del Trabajo,
Job Status,Estado del Trabajo,
Job Stopped Successfully,Trabajo detenido exitosamente,
Job is not running.,El trabajo no se está ejecutando.,
Join video conference with {0},Únase a la videoconferencia con {0},
Jump to field,Saltar al campo,
Kanban,Kanban,
Kanban Board,Tablero Kanban,
Kanban Board Column,Columna de Tablero Kanban,
Kanban Board Name,Nombre del Tablero Kanban,
Kanban View,Vista Kanban,
Keep track of all update feeds,Mantener un registro de todos los canales de actualización,
Keeps track of all communications,Seguimiento de todas las comunicaciones,
Key,Clave,
Keyboard Shortcuts,Atajos de teclado,
Keycloak,Keycloak,
Knowledge Base,Base de conocimiento,
Knowledge Base Contributor,Contribudor de la Base de Conocimiento,
Knowledge Base Editor,Editor de la Base de Conocimiento,
LDAP Auth,Autenticación LDAP,
LDAP Custom Settings,Configuración personalizada de LDAP,
LDAP Email Field,Campo de correo electrónico de LDAP,
LDAP First Name Field,LDAP Campo Nombre,
LDAP Group,Grupo LDAP,
LDAP Group Field,Campo de grupo LDAP,
LDAP Group Mapping,Mapeo de grupo LDAP,
LDAP Group Mappings,Asignaciones de grupo LDAP,
LDAP Group Member attribute,Atributo Miembro del grupo LDAP,
LDAP Last Name Field,Campo de apellido LDAP,
LDAP Middle Name Field,Campo de segundo nombre de LDAP,
LDAP Mobile Field,Campo móvil LDAP,
LDAP Not Installed,LDAP No Instalado,
LDAP Phone Field,Campo de teléfono LDAP,
LDAP Search String,Cadena de búsqueda LDAP,
"LDAP Search String must be enclosed in '()' and needs to contian the user placeholder {0}, eg sAMAccountName={0}","La cadena de búsqueda LDAP debe estar entre '()' y debe contener el marcador de posición del usuario {0}, por ejemplo, sAMAccountName={0}",
LDAP Search and Paths,Búsqueda y rutas de LDAP,
LDAP Security,Seguridad LDAP,
LDAP Server Settings,Configuración del servidor LDAP,
LDAP Server Url,Url del servidor LDAP,
LDAP Settings,Configuraciones LDAP,
LDAP User Creation and Mapping,Creación y mapeo de usuarios LDAP,
LDAP Username Field,Campo nombre de usuario de LDAP,
LDAP is not enabled.,LDAP no está habilitado.,
LDAP search path for Groups,Ruta de búsqueda LDAP para Grupos,
LDAP search path for Users,Ruta de búsqueda LDAP para Usuarios,
LDAP settings incorrect. validation response was: {0},Configuración LDAP incorrecta. La respuesta de la validación fue: {0},
Label,Etiqueta,
Label Help,Ayuda de 'Etiquetas',
Label and Type,Etiqueta y Tipo,
Label is mandatory,La etiqueta es obligatoria,
Landing Page,Pagina de inicio,
Landscape,Paisaje,
Language,Idioma,
Language Code,Código de lenguaje,
Language Name,Nombre del lenguaje,
Last 10 active users,Últimos 10 usuarios activos,
Last Active,Último Activo,
Last Execution,Última ejecución,
Last Heartbeat,Último latido,
Last IP,Última IP,
Last Known Versions,Últimas versiones conocidas,
Last Login,Último ingreso,
Last Modified Date,Fecha de la última modificación,
Last Modified On,Modificada por última vez,
Last Month,El mes pasado,
Last Name,Apellido,
Last Password Reset Date,Fecha de restablecimiento de la última contraseña,
Last Quarter,Último cuarto,
Last Reset Password Key Generated On,Última clave de restablecimiento de contraseña generada el,
Last Run,Última ejecución,
Last Sync On,Última Sincronización Activada,
Last Synced On,Última sincronización en,
Last Updated By,Última actualización por,
Last Updated On,Última actualización el,
Last User,Último usuario,
Last Week,La semana pasada,
Last Year,El año pasado,
Last synced {0},Última sincronización {0},
Layout Reset,Restablecer diseño,
"Layout will be reset to standard layout, are you sure you want to do this?","El diseño se restablecerá al diseño estándar, ¿está seguro de que quiere hacer esto?",
Learn more,Aprender más,
Leave blank to repeat always,Dejar en blanco para repetir siempre,
Leave this conversation,Abandonar esta conversación,
Ledger,Tabloide,
Left,Inactivo/Fuera,
Left Bottom,Izquierda inferior,
Left Center,Izquierda Centro,
Left this conversation,Dejar esta conversación,
Legal,Legal,
Length,Largo,
Length of passed data array is greater than value of maximum allowed label points!,¡La longitud del array de datos introducidos es superior al valor de los puntos de etiqueta máximos permitidos!,
Length of {0} should be between 1 and 1000,Longitud de {0} debe estar entre 1 y 1000,
Less,Menos,
Less Than,Menor que,
Less Than Or Equal To,Menor o igual que,
Let us continue with the onboarding,Continuemos con la incorporación,
Let's Get Started,Empecemos,
Let's avoid repeated words and characters,Evitemos de palabras y caracteres repetidos,
Let's set up your account,Vamos a configurar su cuenta,
Let's take you back to onboarding,Volvamos a la incorporación,
Letter,Carta,
Letter Head,Membrete,
Letter Head Based On,Cabecera de carta basada en,
Letter Head Image,Imagen de encabezado de carta,
Letter Head Name,Nombre del Encabezado,
Letter Head Scripts,Scripts del membrete,
Letter Head cannot be both disabled and default,El Membrete no puede estar deshabilitado y ser predeterminado al mismo tiempo,
Letter Head in HTML,Membrete en HTML,
Level,Nivel,
"Level 0 is for document level permissions, higher levels for field level permissions.","El nivel 0 es para permisos de nivel de documento, los niveles superiores para permisos de nivel de campo.",
Library,Biblioteca,
License,Licencia,
License Type,Tipo de Licencia,
Light,Claro,
Light Blue,Azul claro,
Light Color,Color claro,
Light Theme,Tema Claro,
Like,Como,
Liked,Gustó,
Liked By,Gustado por,
Likes,Me Gustas,
Limit,Límite,
Line,Línea,
Link,Enlace,
Link Cards,Tarjetas de enlace,
Link Count,Recuento de enlaces,
Link Details,Detalles del enlace,
Link DocType,Enlazar DocType,
Link Document Type,Tipo de documento de enlace,
Link Expired,Enlace Expirado,
Link Field Results Limit,Límite de resultados del campo de enlace,
Link Fieldname,Nombre del campo de enlace,
Link Filters,Filtros de Enlaces,
Link Name,Nombre del enlace,
Link Title,Título del Hipervínculo,
Link To,Enlace a,
Link To in Row,Enlace a en fila,
Link Type,Tipo de enlace,
Link Type in Row,Tipo de enlace en la fila,
"Link for About Us Page is ""/about"".","Enlace para Página Acerca de Nosotros es ""/about"".",
"Link that is the website home page. Standard Links (home, login, products, blog, about, contact)","Enlace que será la página principal de inicio del sitio web. Enlaces estándar (inicio, inicio de sesión, productos, blog, acerca de, contacto)",
Link to the page you want to open. Leave blank if you want to make it a group parent.,Enlace a la página que desea abrir. Dejar en blanco si desea que sea un grupo principal.,
Linked,Vinculado,
Linked With,Vinculado Con,
LinkedIn,Linkedin,
Links,Enlaces,
List,Lista,
List / Search Settings,Configuración de Lista / Búsqueda,
List Columns,Lista de columnas,
List Filter,Filtro de Lista,
List Settings,Configuración de lista,
List View,Vista de Lista,
List View Settings,Configuración de vista de lista,
List a document type,Listar un tipo de documento,
"List as [{""label"": _(""Jobs""), ""route"":""jobs""}]","Lista como [{ ""etiqueta"": _( ""trabajos""), ""ruta"": ""trabajos""}]",
"List of email addresses, separated by comma or new line.","Lista de direcciones de correo electrónico, separadas por coma o nueva línea.",
List of patches executed,Lista de parches ejecutados,
List setting message,Mensaje de configuración de lista,
Lists,Listas,
Load Balancing,Balanceo de carga,
Load More,Carga más,
Load more,Cargar más,
Loading,Cargando,
Loading Filters...,Cargando filtros...,
Loading import file...,Cargando archivo de importación...,
Loading versions...,Cargando versiones...,
Loading...,Cargando...,
Location,Ubicación,
Log,Registro,
Log Data,Dato de registro,
Log DocType,DocType de registros del sistema,
Log In To {0},Inicia sesión en {0},
Log Index,Índice de registro,
Log Setting User,Usuario de configuración de registro,
Log Settings,Configuración de registro,
Log in to access this page.,Inicia sesión para acceder a esta página.,
Log out,Cerrar sesión,
Logged Out,Desconectado,
Login,Iniciar sesión,
Login After,Iniciar después,
Login Before,Iniciar antes,
Login Failed please try again,"Inicio de sesión fallido, intente nuevamente",
Login Id is required,Se requiere un ID para iniciar sesión,
Login Methods,Método de inicio de sesión,
Login Page,Página de inicio de sesión,
Login To {0},Iniciar sesión en {0},
Login Verification Code from {},Código de verificación de inicio de sesión de {},
Login and view in Browser,Iniciar Sesión y ver en el Navegador,
Login is required to see web form list view. Enable {0} to see list settings,Es necesario iniciar sesión para ver la vista de lista del formulario web. Habilite {0} para ver la configuración de la lista,
Login link sent to your email,Enlace de inicio de sesión enviado a su correo electrónico,
Login not allowed at this time,No se permite iniciar sesión en este momento,
Login required,Es necesario iniciar sesión,
"Login session expired, refresh page to retry","Sesión de inicio de sesión caducada, refresque la página para volver a intentarlo",
Login to comment,Inicia sesión para comentar,
Login to start a new discussion,Inicie sesión para iniciar una nueva discusión,
Login to {0},Iniciar sesión en {0},
Login token required,Se requiere token de inicio de sesión,
Login with Email Link,Iniciar sesión con enlace de correo,
Login with LDAP,Ingresar con LDAP,
Login with email link,Iniciar sesión con enlace de correo,
Login with email link expiry (in minutes),Caducidad del inicio de sesión con enlace de correo electrónico (en minutos),
Login with username and password is not allowed.,Inicio de sesión con nombre de usuario y contraseña no está permitido.,
Login with {0},Iniciar sesión con {0},
Logout,Salir,
Logout All Sessions,Cerrar sesión en todas las sesiones,
Logout All Sessions on Password Reset,Cerrar sesión en todas las sesiones al restablecer la contraseña,
Logout From All Devices After Changing Password,Cerrar sesión en todos los dispositivos después de cambiar la contraseña,
Logs To Clear,Registros a borrar,
Logs to Clear,Registros a borrar,
Long Text,Texto largo,
Looks like you didn't change the value,Parece que no cambiaste el valor,
Looks like you haven’t added any third party apps.,Parece que no ha añadido ninguna aplicación de terceros.,
Looks like you haven’t received any notifications.,Parece que no has recibido ninguna notificación.,
Low,Bajo,
MIT License,Licencia MIT,
Madam,Señora,
Main Section,Sección Principal,
Main Section (HTML),Sección principal (HTML),
Main Section (Markdown),Sección principal (Markdown),
Maintenance Manager,Gerente de Mantenimiento,
Maintenance User,Mantenimiento por usuario,
Major,Mayor,
"Make ""name"" searchable in Global Search","Hacer el ""nombre"" buscable en la búsqueda global",
Make Attachment Public (by default),Hacer público el archivo adjunto (por defecto),
Make Attachments Public by Default,Hacer públicos los archivos adjuntos por defecto,
Make sure to configure a Social Login Key before disabling to prevent lockout,Asegúrese de configurar una clave de inicio de sesión social antes de desactivar para evitar el bloqueo,
Make use of longer keyboard patterns,Hacer uso de patrones de teclado más largos,
Make {0},Hacer {0},
Makes the page public,Hace pública la página,
Male,Masculino,
Manage 3rd party apps,Gestionar aplicaciones de terceros,
Mandatory,Obligatorio,
Mandatory Depends On,Obligatorio depende de,
Mandatory Depends On (JS),Obligatorio Depende de (JS),
Mandatory Information missing:,Información obligatoria faltante:,
Mandatory field: set role for,Campo obligatorio: establecer rol para,
Mandatory field: {0},Campo obligatorio: {0},
"Mandatory fields required in table {0}, Row {1}","Campos obligatorios requeridos en la tabla {0}, Fila {1}",
Mandatory fields required in {0},Los siguientes campos son obligatorios en {0},
Mandatory:,Obligatorio:,
Map,Mapa,
Map Columns,Columnas de mapa,
Map View,Vista de Mapa,
Map columns from {0} to fields in {1},Mapear columnas de {0} a campos en {1},
Map route parameters into form variables. Example <code>/project/&lt;name&gt;</code>,Asigne parámetros de ruta a variables de formulario. Ejemplo <code>/project/&lt;name&gt;</code>,
Mapping column {0} to field {1},Asignando la columna {0} al campo {1},
Margin Bottom,Margen inferior,
Margin Left,Margen izquierdo,
Margin Right,Margen derecho,
Margin Top,Margen superior,
MariaDB Variables,Variables de MariaDB,
Mark all as read,Marcar todo como leídas,
Mark as Read,Marcar como Leído,
Mark as Spam,Marcar como Correo No Deseado,
Mark as Unread,Marcar como no Leído,
Markdown,Markdown,
Markdown Editor,Editor Markdown,
Marked As Spam,Marcado como Spam,
Marketing Manager,Gerente de Marketing,
Master,Maestro,
Max 500 records at a time,Máximo 500 registros a la vez,
Max Attachments,Máximo de adjuntos,
Max File Size (MB),Tamaño máximo del archivo (MB),
Max Height,Altura Máxima,
Max Length,Longitud Máxima,
Max Value,Valor Máximo,
Max attachment size,Tamaño máximo de archivo adjunto,
Max auto email report per user,Informes de correo electrónico automático máximos por usuario,
Max width for type Currency is 100px in row {0},El ancho máximo para el tipo de divisa es 100px en la línea {0},
Maximum,Máximo,
Maximum Attachment Limit of {0} has been reached for {1} {2}.,Límite máximo de adjunto de {0} ha sido alcanzado por {1} {2}.,
Maximum attachment limit of {0} has been reached.,Límite máximo de adjuntos de {0} ha sido alcanzado.,
Maximum {0} rows allowed,Máximo: {0} lineas permitidas,
Me,Yo,
"Meaning of Submit, Cancel, Amend","Significado de Validar, Cancelar, Rectificar",
Medium,Medio,
Meeting,Reunión,
Meets Condition?,¿Cumple las condiciones?,
Memory Usage,Uso de Memoria,
Mention,Mencionar,
Mentions,Menciones,
Menu,Menú,
Merge with existing,Combinar con existente,
Merging is only possible between Group-to-Group or Leaf Node-to-Leaf Node,La fusión sólo es posible de Grupo -a- Grupo o de Nodo -a- Nodo en la hoja,
Message,Mensaje,
Message Examples,Ejemplos de Mensaje,
Message ID,ID de mensaje,
Message Parameter,Parámetro del mensaje,
Message Sent,Mensaje enviado,
Message Type,Tipo de mensaje,
Message clipped,Mensaje marcado,
Message from server: {0},Mensaje del servidor: {0},
Message not setup,Mensaje no Configurado,
Message to be displayed on successful completion,Mensaje que se mostrará al finalizar con éxito,
Message-id,Mensaje-id,
Messages,Mensajes,
Meta,Meta,
Meta Description,Metadescripción,
Meta Image,Meta imagen,
Meta Tags,Metaetiquetas,
Meta Title,Meta título,
Meta description,Meta descripción,
Meta image,Imagen meta,
Meta title,Título meta,
Meta title for SEO,Meta título para SEO,
Method,Método,
Method Not Allowed,Método no permitido,
Method is required to create a number card,Método necesario para crear una Tarjeta Numérica,
Mid Center,Centro medio,
Middle Name,Segundo Nombre,
Milestone,Evento importante,
Milestone Tracker,Rastreador de Hitos,
Minimum,Mínimo,
Minimum Password Score,Puntuación mínima de contraseña,
Minor,Menor,
Minutes After,Minutos después,
Minutes Before,Minutos antes,
Minutes Offset,Minutos después,
Misconfigured,Mal configurado,
Miss,Srta.,
Missing DocType,Falta DocType,
Missing Field,Campo faltante,
Missing Fields,Campos Faltantes,
Missing Filters Required,Faltan filtros requeridos,
Missing Permission,Faltan permisos,
Missing Value,Falta un valor,
Missing Values Required,Valores faltantes requeridos,
Mobile,Móvil,
Mobile No,Nº Móvil,
Modal Trigger,Función del modal,
Module,Módulo,
Module (for export),Módulo (para exportar),
Module Def,Módulo Def,
Module HTML,Módulo HTML,
Module Name,Nombre del módulo,
Module Onboarding,Incorporación del módulo,
Module Profile,Perfil del Módulo,
Module Profile Name,Nombre de Perfil del Módulo,
Module onboarding progress reset,Restablecimiento del progreso de módulo de incorporación,
Module to Export,Módulo para Exportar,
Module {} not found,Módulo {} no encontrado,
Modules,Módulos,
Modules HTML,Módulos HTML,
Monday,Lunes,
Monospace,Monoespaciado,
Month,Mes,
Monthly,Mensual,
Monthly Long,Largo mensual,
More,Más,
More Info,Más información,
More Information,Más información,
More articles on {0},Más artículos sobre {0},
More content for the bottom of the page.,Más contenido de la parte inferior de la página.,
Most Used,Más usado,
Most probably your password is too long.,Probablemente su contraseña es demasiado larga.,
Move,Mover,
Move To,Mover a,
Move To Trash,Mover a la papelera,
Move current and all subsequent sections to a new tab,Mover la sección actual y todas las siguientes a una nueva pestaña,
Move cursor to above row,Mover el cursor a la fila superior,
Move cursor to below row,Mover el cursor a la fila inferior,
Move cursor to next column,Mover el cursor a la siguiente columna,
Move cursor to previous column,Mover el cursor a la columna anterior,
Move sections to new tab,Mover secciones a una nueva pestaña,
Move the current field and the following fields to a new column,Mover el campo actual y los siguientes campos a una nueva columna,
Move to Row Number,Mover al número de fila,
Move to next step when clicked inside highlighted area.,Pasa al siguiente paso cuando se pulsa dentro del área resaltada.,
Mozilla doesn't support :has() so you can pass parent selector here as workaround,Mozilla no soporta :has() por lo que puede pasar el selector padre aquí como solución alternativa,
Mr,Sr.,r
Mrs,Sra.,
Ms,Sra.,s
Multiple root nodes not allowed.,Múltiples nodos raíz no permitidos.,
Must be a publicly accessible Google Sheets URL,Debe ser una URL de Google Sheets de acceso público,
"Must be enclosed in '()' and include '{0}', which is a placeholder for the user/login name. i.e. (&(objectclass=user)(uid={0}))","Debe ir encerrado entre '()' e incluir '{0}', que es un marcador de posición para el nombre de usuario/login. es decir, (&(objectclass=user)(uid={0}))",
"Must be of type ""Attach Image""","Debe ser del tipo ""Adjuntar Imagen""",
Must have report permission to access this report.,Debe tener permisos de reporte para ver este documento.,
Must specify a Query to run,Debe especificar una consulta para poder ejecutar,
Mute Sounds,Sonidos Silenciados,
Mx,Mx,x
My Account,Mi Cuenta,
My Device,Mi dispositivo,
My Workspaces,Mis espacios de trabajo,
MyISAM,MyISAM,
"NOTE: If you add states or transitions in the table, it will be reflected in the Workflow Builder but you will have to position them manually. Also Workflow Builder is currently in <b>BETA</b>.","NOTA: Si añade estados o transiciones en la tabla, se reflejará en el Generador de flujo de trabajo, pero tendrá que posicionarlos manualmente. Además el Constructor de Flujo de Trabajo está actualmente en <b>BETA</b>.",
NOTE: This box is due for depreciation. Please re-setup LDAP to work with the newer settings,"NOTA: Esta configuración está próxima a su depreciación. Por favor, configure nuevamente LDAP para que funcione con los ajustes más recientes.",
Name,Nombre,
Name (Doc Name),Nombre (Doc Name),
"Name already taken, please set a new name","Nombre ya usado, por favor establezca un nuevo nombre",
Name cannot contain special characters like {0},El nombre no puede contener caracteres especiales como {0},
Name of the Document Type (DocType) you want this field to be linked to. e.g. Customer,"Nombre del tipo de documento (DocType) al que quieres que se vincule este campo. Por ej. ""Cliente""",
Name of the new Print Format,Nombre del nuevo formato de impresión,
Name of {0} cannot be {1},Nombre de {0} no puede ser {1},
Names and surnames by themselves are easy to guess.,Nombres y apellidos por sí mismos son fáciles de adivinar.,
Naming,Nombrando,
"Naming Options:
<ol><li><b>field:[fieldname]</b> - By Field</li><li><b>naming_series:</b> - By Naming Series (field called naming_series must be present)</li><li><b>Prompt</b> - Prompt user for a name</li><li><b>[series]</b> - Series by prefix (separated by a dot); for example PRE.#####</li>
<li><b>format:EXAMPLE-{MM}morewords{fieldname1}-{fieldname2}-{#####}</b> - Replace all braced words (fieldnames, date words (DD, MM, YY), series) with their value. Outside braces, any characters can be used.</li></ol>","Opciones de Nombrado:
<ol><li><b>field:[nombre_campo]</b> - Por campo</li><li><b>naming_series:</b> - Por serie de nombres (el campo llamado naming_series debe estar presente)</li><li><b>Prompt</b> - Pregunta al usuario por un nombre</li><li>[<b>series</b> ] - Series por prefijo (separadas por un punto); por ejemplo PRE.#####</li>
<li><b>formato:EJEMPLO-{MM}máspalabras{fieldname1}-{fieldname2}-{#####}</b> - Sustituya todas las palabras entre llaves (nombres de campo, palabras de fecha (DD, MM, AA), series) por su valor. Fuera de los corchetes, se puede utilizar cualquier carácter.</li></ol>",
Naming Rule,Regla de Nomenclatura,
Naming Series,Secuencias e identificadores,
Naming Series mandatory,Las secuencias e identificadores son obligatorios,
Navbar,Barra de navegación,
Navbar Item,Elemento de la barra de navegación,
Navbar Settings,Configuración de la barra de navegación,
Navbar Template,Plantilla de barra de navegación,
Navbar Template Values,Valores de la plantilla de la barra de navegación,
Navigate to main content,Ir al contenido principal,
Navigation Settings,Configuración de Navegación,
Need Workspace Manager role to edit private workspace of other users,Necesita el rol de Administrador del Área de Trabajo para editar el área de trabajo privada de otros usuarios,
Negative Value,Valor negativo,
Nested set error. Please contact the Administrator.,Error de conjunto anidado. Contacta con el administrador.,
Network Printer Settings,Configuración de la Impresora de Red,
New,Nuevo,
New Activity,Nueva Actividad,
New Address,Nueva Dirección,
New Chart,Nuevo gráfico,
New Contact,Nuevo Contacto,
New Custom Block,Nuevo Bloque personalizado,
New Custom Print Format,Nuevo formato de impresión personalizado,
New Document Form,Nuevo formulario de documento,
New Document Shared {0},Nuevo documento compartido {0},
New Email,Nuevo email,
New Email Account,Nueva cuenta de correo,
New Event,Nuevo Evento,
New Folder,Nueva carpeta,
New Kanban Board,Nuevo Tablero Kanban,
New Links,Nuevos Enlaces,
New Mention on {0},Nueva mención en {0},
New Message from Website Contact Page,Nuevo mensaje desde la página de contacto del sitio web,
New Name,Nuevo Nombre,
New Notification,Nueva notificación,
New Number Card,Nueva tarjeta numérica,
New Onboarding,Nuevo módulo de incorporación,
New Password,Nueva Contraseña,
New Print Format Name,Nuevo nombre de formato de impresión,
New Quick List,Nueva Lista Rápida,
New Report name,Nuevo nombre de Informe,
New Role,Nuevo Rol,
New Shortcut,Nuevo Atajo,
New Users (Last 30 days),Usuarios nuevos (últimos 30 días),
New Value,Nuevo Valor,
New Workflow Name,Nuevo nombre del flujo de trabajo,
New Workspace,Nueva Área de Trabajo,
New password cannot be same as old password,La nueva contraseña no puede ser igual a la contraseña anterior,
New updates are available,Nuevas actualizaciones están disponibles,
New users will have to be manually registered by system managers.,Los nuevos usuarios tendrán que ser registrados manualmente por los responsables del sistema.,
New value to be set,Nuevo valor a establecer,
New {0},Nuevo/a: {0},
New {0} Created,Nuevo {0} creado,
New {0} {1} added to Dashboard {2},Nuevo {0} {1} agregado al panel {2},
New {0} {1} created,Nuevo {0} {1} creado,
New {0}: {1},Nuevo {0}: {1},
New {} releases for the following apps are available,Las nuevas {} versiones para las siguientes aplicaciones están disponibles,
Newly created user {0} has no roles enabled.,El usuario recién creado {0} no tiene ningún rol habilitado.,
Newsletter Manager,Administrador de boletínes,
Next,Siguiente,Go to next slide
Next Action Email Template,Plantilla de Correo Electrónico de próxima acción,
Next Actions HTML,Acciones Siguientes HTML,
Next Execution,Próxima ejecución,
Next Form Tour,Siguiente Formulario,
Next Schedule Date,Siguiente Fecha Programada,
Next Scheduled Date,Próxima fecha programada,
Next State,Siguiente estado,
Next Step Condition,Condición para siguiente paso,
Next Sync Token,Siguiente token de sincronización,
Next actions,Siguientes acciones,
Next on Click,Siguiente al hacer clic,
No,No,
No Active Sessions,No hay Sesiones Activas,
No Copy,No copiar,
No Data,No hay datos,
No Data...,Sin datos...,
No Email Account,No se cuenta de correo electrónico,
No Email Accounts Assigned,No hay cuentas de correo electrónico asignadas,
No Emails,No hay mensajes de correo electrónico,
No Entry for the User {0} found within LDAP!,¡No se encontró ninguna entrada para el usuario {0} en LDAP!,
No Filters Set,No hay filtros establecidos,
No Google Calendar Event to sync.,No hay eventos de Google Calendar para sincronizar.,
No Images,No hay imágenes,
No LDAP User found for email: {0},No se encontró ningún usuario LDAP para el correo electrónico: {0},
No Label,Sin Etiqueta,
No Letterhead,Sin Membrete,
No Name Specified for {0},Sin nombre especificado para {0},
No New notifications,No hay nuevas notificaciones,
No Permissions Specified,No hay Permisos Especificados,
No Permissions set for this criteria.,No hay permisos establecidos para este criterio.,
No Permitted Charts,No se permiten gráficos,
No Permitted Charts on this Dashboard,No hay gráficos permitidos en este Tablero,
No Preview,Sin vista previa,
No Preview Available,Vista previa no disponible,
No Printer is Available.,No hay impresora disponible.,
No RQ Workers connected. Try restarting the bench.,No hay trabajadores RQ conectados. Intente reiniciar el bench.,
No Results,No hay resultados,
No Results found,No se encontraron resultados,
No Roles Specified,No hay Roles especificados,
No Select Field Found,No se ha encontrado ningún campo de selección,
No Suggestions,No hay sugerencias,
No Tags,Sin Etiquetas,
No Upcoming Events,No hay próximos eventos,
No address added yet.,Ninguna dirección añadida aún.,
No alerts for today,No hay alertas para hoy,
No automatic optimization suggestions available.,No hay sugerencias de optimización automática disponibles.,
No changes in document,Sin cambios en el documento,
No changes made,No se ha realizado ningún cambio,
No changes made because old and new name are the same.,No se han realizado cambios porque el nombre antiguo y el nuevo son iguales.,
No changes to sync,No hay cambios para sincronizar,
No changes to update,No hay cambios para actualizar,
No comments yet.,No hay comentarios todavía.,
No contacts added yet.,Ningún contacto agregado todavía.,
No contacts linked to document,No hay contactos vinculados al documento,
No data to export,No hay datos para exportar,
No default Address Template found. Please create a new one from Setup > Printing and Branding > Address Template.,"No se encontró ninguna plantilla de dirección por defecto. Por favor, cree una nueva desde Configuración > Impresión y Marca > Plantilla de Dirección.",
No documents found tagged with {0},No se encontraron documentos etiquetados con {0},
No email account associated with the User. Please add an account under User > Email Inbox.,"No hay una cuenta de correo electrónico asociada con el usuario. Por favor, añade una cuenta en Usuario > Correo electrónico.",
No failed logs,No hay registros fallidos,
"No fields found that can be used as a Kanban Column. Use the Customize Form to add a Custom Field of type ""Select"".","No se han encontrado campos que puedan utilizarse como Columna Kanban. Utilice el formulario de personalización para añadir un campo personalizado de tipo ""Seleccionar"".",
No file attached,No hay archivos adjuntos,
No filters found,No hay filtros,
No filters selected,Ningún filtro seleccionado,
No further records,No existen registros nuevos,
No matching records. Search something new,No hay registros coincidentes. Buscar algo nuevo,
No more items to display,No hay más elementos para mostrar,
"No need for symbols, digits, or uppercase letters.","No hay necesidad de símbolos, dígitos o letras mayúsculas.",
No new Google Contacts synced.,No hay nuevos contactos de Google sincronizados.,
No new notifications,No hay nuevas notificaciones,
No of Columns,No. de Columnas,
No of Requested SMS,Nº de SMS solicitados,
No of Rows (Max 500),No se de filas (máx 500),
No of Sent SMS,Nº de SMS enviados,
No permission for {0},Sin permiso para {0},
No permission to read {0},No tiene permiso para leer {0},
No permission to {0} {1} {2},No tiene permiso para {0} {1} {2},
No records deleted,No hay registros eliminados,
No records present in {0},No hay registros presentes en {0},
No records tagged.,Ningún registro etiquetado.,
No records will be exported,No se exportarán registros,
No rows,Sin filas,
No subject,Sin asunto,
No template found at path: {0},No se encontraron plantillas en la ruta: {0},
No values to show,No hay valores para mostrar,
No {0},No {0},
No {0} Found,Ningún {0} encontrado,
No {0} found,Ningún {0} encontrado,
No {0} found with matching filters. Clear filters to see all {0}.,No se ha encontrado ningún {0} que coincida con filtros. Borre los filtros para ver todos los {0}.,
No {0} mail,No {0} electrónico,
Nomatim,Nominatim,
Non Negative,No negativo,
Non-Conforming,No Conforme,
None,Ninguna,
None: End of Workflow,Ninguno: Fin del flujo de trabajo,
Normalized Copies,Copias normalizadas,
Normalized Query,Consulta normalizada,
Not Allowed,No permitido,
Not Allowed: Disabled User,No Permitido: Usuario Deshabilitado,
Not Ancestors Of,Nro Ancestros de,
Not Descendants Of,No son Descendientes de,
Not Equals,No es igual,
Not Found,No encontrado,
Not Helpful,No útil,
Not In,No en,
Not Like,Diferente a,
Not Linked to any record,No está vinculado a ningún registro,
Not Nullable,No nulo,
Not Permitted,No permitido,
Not Permitted to read {0},No permitido leer {0},
Not Published,No publicado,
Not Saved,No guardado,
Not Seen,No visto,
Not Sent,No enviado,
Not Set,No especificado,Field value is not set
Not a valid Comma Separated Value (CSV File),No es un archivo separado por comas válido (archivo CSV),
Not a valid User Image.,No es una Imagen de Usuario Válida.,
Not a valid Workflow Action,No es una acción de flujo de trabajo válida,
Not a valid user,Usuario no válido,
Not active,No activo,
Not allowed for {0}: {1},No permitido para {0}: {1},
"Not allowed to attach {0} document, please enable Allow Print For {0} in Print Settings","No se permite adjuntar {0} documento, habilite Permitir impresión para {0} en Configuración de impresión.",
Not allowed to create custom Virtual DocType.,No se permite crear DocType virtual personalizado.,
Not allowed to print cancelled documents,No se permite imprimir documentos cancelados,
Not allowed to print draft documents,No se puede imprimir documentos en borrador,
Not allowed via controller permission check,No permitido mediante el controlador de comprobación de permisos,
Not found,Extraviado,
Not in Developer Mode,No se encuentra en modo desarrollador,
Not in Developer Mode! Set in site_config.json or make 'Custom' DocType.,No se encuentra en modo desarrollador! Debe establecerlo en el archivo site_config.json o crear un 'DocType' personalizado.,
Not permitted,No permitido,
Not permitted to view {0},No se permite ver {0},
Note,Nota,
Note Seen By,Nota vista por,
Note:,Nota:,
Note: Changing the Page Name will break previous URL to this page.,Nota: Cambiar el nombre de la página romperá la URL anterior a esta página.,
Note: Etc timezones have their signs reversed.,Nota: Las zonas horarias Etc tienen sus signos invertidos.,
"Note: For best results,  images must be of the same size and width must be greater than height.","Nota: Para obtener mejores resultados, las imágenes deben ser del mismo tamaño y el ancho debe ser mayor que la altura.",
Note: Multiple sessions will be allowed in case of mobile device,Nota: Varias sesiones serán permitidas en el caso de los dispositivos móviles,
Note: This will be shared with user.,Nota: Se compartirá con el usuario.,
Note: Your request for account deletion will be fulfilled within {0} hours.,Nota: Su solicitud de eliminación de cuenta se completará dentro de {0} horas.,
Notes:,Notas:,
Nothing New,Nada nuevo,
Nothing left to redo,No queda nada que rehacer,
Nothing left to undo,Nada que deshacer,
Nothing to show,Nada para mostrar,
Nothing to update,Nada que actualizar,
Notification,Notificación,
Notification Log,Registro de notificaciones,
Notification Recipient,Receptor de Notificaciones,
Notification Settings,Configuración de las notificaciones,
Notification Subscribed Document,Notificación de documento suscrito,
Notification sent to,Notificación enviada a,
Notification: customer {0} has no Mobile number set,Notificación: el cliente {0} no tiene establecido un número de móvil,
Notification: document {0} has no {1} number set (field: {2}),Notificación: el documento {0} no tiene establecido el número {1} (campo: {2}),
Notification: user {0} has no Mobile number set,Notificación: el usuario {0} no tiene número de móvil establecido,
Notifications,Notificaciones,
Notifications Disabled,Notificaciones Desactivadas,
Notifications and bulk mails will be sent from this outgoing server.,Las notificaciones y los Emails masivos serán enviados desde este servidor saliente.,
Notify Users On Every Login,Notificar a los usuarios en cada inicio de sesión,
Notify by Email,Notificar por correo electrónico,
Notify by email,Notificar por Email,
Notify if unreplied,Notificarme si no tiene respuesta,
Notify if unreplied for (in mins),Notificarme si no tiene respuesta durante (en minutos),
Notify users with a popup when they log in,Notificar a los usuarios con un mensaje emergente cuando se conectan,
Now,Ahora,
Number,Número,
Number Card,Tarjeta de número,
Number Card Link,Enlace de tarjeta numérica,
Number Card Name,Nombre del Widget numérico,
Number Cards,Tarjetas de números,
Number Format,Formato de Número,
Number of Backups,Número de copias de seguridad,
Number of Groups,Numero de grupos,
Number of Queries,Número de consultas,
"Number of attachment fields are more than {}, limit updated to {}.","El número de campos adjuntos es superior a {}, límite actualizado a {}.",
Number of backups must be greater than zero.,El número de copias de seguridad debe ser superior a cero.,
Number of columns for a field in a Grid (Total Columns in a grid should be less than 11),Número de columnas para un campo en una cuadrícula (Total de columnas en una cuadrícula debe ser inferior a 11),
Number of columns for a field in a List View or a Grid (Total Columns should be less than 11),Número de columnas para un campo en Vista de Lista o Cuadricula (El total de Columnas debe ser inferior a 11),
Number of days after which the document Web View link shared on email will be expired,Número de días tras los cuales caducará el enlace de visualización web del documento compartido por correo electrónico,
Number of keys,Cantidad de claves,
Number of onsite backups,Número de copias de seguridad en el sitio,
OAuth,OAuth,
OAuth Authorization Code,Código de autorización OAuth,
OAuth Bearer Token,Token de portador OAuth,
OAuth Client,Cliente OAuth,
OAuth Client ID,ID de cliente de OAuth,
OAuth Client Role,Rol de cliente OAuth,
OAuth Error,Error de OAuth,
OAuth Provider Settings,Configuración del Proveedor OAuth,
OAuth Scope,Ámbito OAuth,
"OAuth has been enabled but not authorised. Please use ""Authorise API Access"" button to do the same.","OAuth ha sido habilitado pero no autorizado. Por favor, utilice el botón ""Autorizar acceso API"" para hacer lo mismo.",
OPTIONS,OPTIONS,
OR,O,
OTP App,Aplicación OTP,
OTP Issuer Name,Nombre del Emisor de OTP,
OTP Secret Reset - {0},Restablecer secreto OTP - {0},
OTP Secret has been reset. Re-registration will be required on next login.,OTP Secret ha sido restablecido. Re-registro será necesario en el próximo inicio de sesión.,
OTP setup using OTP App was not completed. Please contact Administrator.,La configuración de OTP mediante la aplicación OTP no se completó. Por favor contacte al Administrador.,
Occurrences,Ocurrencias,
Off,Apagado,
Office,Oficina,
Office 365,Office 365,
Official Documentation,Documentación Oficial,
Offset X,Desplazamiento X,
Offset Y,Desplazamiento Y,
Old Password,Contraseña anterior,
Old and new fieldnames are same.,Los nombres de campos antiguos y nuevos son iguales.,
Older backups will be automatically deleted,Copias de seguridad anteriores se eliminarán de forma automática,
Oldest Unscheduled Job,Trabajo no programado más antiguo,
On Hold,En Espera,
On Payment Authorization,En Autorización de Pago,
On Payment Charge Processed,Al procesar el cargo de pago,
On Payment Failed,En el pago fallido,
On Payment Mandate Acquisition Processed,En Adquisición por mandato de pago procesado,
On Payment Mandate Charge Processed,En cargo de mandato de pago procesado,
On Payment Paid,En pago Pagado,
"On checking this option, URL will be treated like a jinja template string","Al marcar esta opción, la URL se tratará como una cadena de plantilla jinja",
On or After,Con fecha de o después del,
On or Before,Con fecha de o antes del,
"On {0}, {1} wrote:","El {0}, {1} escribió:",
Onboard,Incorporación,
Onboarding Name,Nombre del módulo de incorporación,
Onboarding Permission,Permiso de incorporación,
Onboarding Status,Estado de incorporación,
Onboarding Step,Paso de incorporación,
Onboarding Step Map,Mapa de pasos de incorporación,
Onboarding complete,Incorporación completada,
"Once submitted, submittable documents cannot be changed. They can only be Cancelled and Amended.","Una vez validados, los documentos que se pueden validar no se pueden cambiar. Solo pueden cancelarse y rectificarse.",
"Once you have set this, the users will only be able access documents (eg. Blog Post) where the link exists (eg. Blogger).","Una vez establecido esto, los usuarios sólo podrán acceder a los documentos (p. ej., entradas de blog) en los que exista el enlace (p. ej., Blogger).",
One Last Step,Un último paso,
One Time Password (OTP) Registration Code from {},Código de registro de contraseña de un solo uso (OTP) de {},
One of,Uno de,
Only 200 inserts allowed in one request,Sólo 200 inserciones se permiten en una petición,
Only Administrator can delete Email Queue,Sólo el administrador puede eliminar la cola de correo electrónico,
Only Administrator can edit,Sólo el administrador puede editar,
Only Administrator can save a standard report. Please rename and save.,"Sólo el administrador puede guardar un informe estándar. Por favor, cambie el nombre y guarde.",
Only Administrator is allowed to use Recorder,Solo el administrador puede usar la grabadora,
Only Allow Edit For,Permitir editar para,
Only Options allowed for Data field are:,Solo las opciones permitidas para el campo de datos son:,
Only Send Records Updated in Last X Hours,Sólo enviar registros actualizados en las últimas X horas,
Only Workspace Manager can edit public workspaces,Solo el Administrador del Área de Trabajo puede editar Áreas de Trabajo públicas,
Only allowed to export customizations in developer mode,Solo se permite exportar personalizaciones en modo desarrollador,
Only draft documents can be discarded,Solo pueden descartarse los borradores de documentos,
Only for,Solo para,
Only mandatory fields are necessary for new records. You can delete non-mandatory columns if you wish.,"Sólo los campos obligatorios son necesarios para los nuevos registros. Puede eliminar columnas de carácter no obligatorio, si lo desea.",
Only one {0} can be set as primary.,Solo uno {0} se puede establecer como primario.,
Only reports of type Report Builder can be deleted,Solo se pueden eliminar informes del tipo Generador de Informes,
Only reports of type Report Builder can be edited,Solo se pueden editar informes del tipo Generador de Informes,
Only standard DocTypes are allowed to be customized from Customize Form.,Solo los DocTypes estándar pueden personalizarse desde el formulario Personalizar.,
Only the assignee can complete this to-do.,Solo el asignado puede completar esta tarea.,
Only {0} emailed reports are allowed per user.,Sólo se permiten {0} informes enviados por correo electrónico por usuario.,
Oops! Something went wrong.,¡Ups! Algo salió mal.,
Open,Abrir/Abierto,
Open Awesomebar,Abrir barra de búsqueda,
Open Communication,Abrir Comunicación,
Open Document,Abrir documento,
Open Documents,Documentos abiertos,
Open Help,Abrir Ayuda,
Open Reference Document,Abrir documento de referencia,
Open Settings,Configuración abierta,
Open Source Applications for the Web,Aplicaciones de Código Abierto para la web,
Open URL in a New Tab,Abrir URL en una pestaña nueva,
Open a dialog with mandatory fields to create a new record quickly. There must be at least one mandatory field to show in dialog.,Abre un diálogo con campos obligatorios para crear un nuevo registro rápidamente. Debe haber al menos un campo obligatorio para que aparezca en el diálogo.,
Open a module or tool,Abrir un módulo o herramienta,
Open in a new tab,Abrir en una nueva pestaña,
Open reference document,Abrir documento de referencia,
Open your authentication app on your mobile phone.,Abre tu aplicación de autenticación en tu teléfono móvil.,
Open {0},Abrir {0},
OpenID Configuration,Configuración de OpenID,
OpenLDAP,OpenLDAP,
Opened,Abierto,
Operation,Operación,
Operator must be one of {0},El Operador debe ser uno de {0},
Optimize,Optimizar,
Optimizing image...,Optimizando imagen...,
Option 1,Opción 1,
Option 2,Opción 2,
Option 3,Opción 3,
Option {0} for field {1} is not a child table,La opción {0} para el campo {1} no es una tabla secundaria,
Optional: Always send to these ids. Each Email Address on a new row,Opcional: Enviar siempre a estos identificadores. Cada dirección de correo electrónico en una nueva fila,
Optional: The alert will be sent if this expression is true,Opcional: La alerta será enviada si esta expresión es verdadera,
Options,Opciones,
Options 'Dynamic Link' type of field must point to another Link Field with options as 'DocType',Las opciones de campo de tipo 'Vinculo Dinámico' debe apuntar a otro campo con propiedades 'DocType',
Options Help,Opciones de ayuda,
Options for Rating field can range from 3 to 10,Las opciones para el campo Calificación pueden ir de 3 a 10,
Options for select. Each option on a new line.,Opciones para seleccionar. Cada opción en una nueva línea.,
Options for {0} must be set before setting the default value.,Las opciones para {0} deben configurarse antes de configurar el valor predeterminado.,
Options is required for field {0} of type {1},Se requieren opciones para el campo {0} de tipo {1},
Options not set for link field {0},Las opciones no establecidas para el campo enlazado {0},
Orange,Naranja,
Order,Orden,
Org History,Historia de la organización,
Org History Heading,Encabezado de la historia de la organización,
Orientation,Orientación,
Original Value,Valor Original,
Other,Otro,
Outgoing,Saliente,
Outgoing (SMTP) Settings,Configuración saliente (SMTP),
Outgoing Emails (Last 7 days),Correos electrónicos salientes (últimos 7 días),
Outgoing Server,Servidor de salida,
Outgoing Settings,Configuración saliente,
Outgoing email account not correct,Cuenta de Correo Electrónico Saliente no correcta,
Outlook.com,Outlook.com,
Output,Salida,
Overview,Resumen,
PATCH,PATCH,
PDF,PDF,
PDF Generation in Progress,Generación de PDF en progreso,
PDF Page Height (in mm),Altura de página PDF (en mm),
PDF Page Size,Tamaño de página PDF,
PDF Page Width (in mm),Ancho de página PDF (en mm),
PDF Settings,Configuración de paginas PDF,
PDF generation failed,La generación de PDF falló,
PDF generation failed because of broken image links,Error en la generación del archivo PDF debido a problema con los enlaces de las imágenes,
PDF generation may not work as expected.,Es posible que la generación de PDF no funcione como se esperaba.,
"PDF printing via ""Raw Print"" is not supported.","La impresión en PDF a través de ""Impresión sin formato"" no está soportada.",
PID,PID,
POST,POST,
PUT,PUT,
Package,Paquete,
Package Import,Importación de Paquetes,
Package Name,Nombre del Paquete,
Package Release,Versión del Paquete,
Page,Página,
Page Break,Salto de Página,
Page Builder,Creador de páginas,
Page Building Blocks,Bloques de creación de páginas,
Page HTML,Página HTML,
Page Height (in mm),Altura de página (en mm),
Page Margins,Márgenes de la página,
Page Name,Nombre de la página,
Page Number,Número de página,
Page Route,Ruta de la página,
Page Settings,Configuración de Página,
Page Shortcuts,Atajos de página,
Page Size,Tamaño de página,
Page Title,Título de Página,
Page Width (in mm),Ancho de página (en mm),
Page has expired!,La página ha expirado!,
Page height and width cannot be zero,El alto y el ancho de la página no pueden ser cero,
Page not found,Página no encontrada,
"Page to show on the website
","Página para mostrar en el sitio web
",
Page {0} of {1},Página {0} de {1},
Parameter,Parámetro,
Parent,Principal,
Parent DocType,DocType padre,
Parent Document Type,Tipo de documento padre,
Parent Document Type is required to create a number card,Se requiere el tipo de documento padre para crear un Widget numérico,
Parent Element Selector,Selector de elemento padre,
Parent Field,Campo padre,
Parent Field (Tree),Campo principal (árbol),
Parent Field must be a valid fieldname,El campo principal debe ser un nombre de campo válido,
Parent Label,Etiqueta Principal,
Parent Missing,Falta padre,
Parent Page,Página Padre,
Parent Table,Tabla padre / principal,
Parent document type is required to create a dashboard chart,Se requiere el tipo de documento padre para crear un gráfico de tablero,
Parent is the name of the document to which the data will get added to.,Parent es el nombre del documento al que se agregarán los datos.,
Parentfield not specified in {0}: {1},Campo padre no especificado en {0}: {1},
"Parenttype, Parent and Parentfield are required to insert a child record","Parenttype, Parent y Parentfield son necesarios para insertar un registro hijo",
Partial,Parcial,
Partial Success,Éxito Parcial,
Partially Sent,Enviado parcialmente,
Participants,Participantes,
Pass,Correcto,
Passive,Pasivo,
Password,Contraseña,
Password Email Sent,Correo de Contraseña enviado,
Password Reset,Restablecer contraseña,
Password Reset Link Generation Limit,Límite de generación de enlaces de restablecimiento de contraseña,
Password cannot be filtered,No se puede filtrar por contraseña,
Password changed successfully.,Contraseña cambiada satisfactoriamente.,
Password for Base DN,Contraseña para la base DN,
Password is required or select Awaiting Password,Se requiere contraseña o seleccione En espera de la contraseña,
Password missing in Email Account,Falta contraseña en la cuenta de correo,
Password not found for {0} {1} {2},Contraseña no encontrada para {0} {1} {2},
Password reset instructions have been sent to {}'s email,Se han enviado instrucciones para restablecer la contraseña al correo electrónico de {}.,
Password set,Contraseña establecida,
Password size exceeded the maximum allowed size,El tamaño de la contraseña excedió el tamaño máximo permitido,
Password size exceeded the maximum allowed size.,El tamaño de la contraseña superó el tamaño máximo permitido.,
Passwords do not match,Las contraseñas no coinciden,
Passwords do not match!,¡Las contraseñas no coinciden!,
Paste,Pegar,
Patch,Parche,
Patch Log,Bitácora de parches,
Patch type {} not found in patches.txt,Tipo de parche {} no encontrado en patches.txt,
Path,Camino,
Path to CA Certs File,Ruta al archivo de certificados de CA,
Path to Server Certificate,Ruta al certificado del servidor,
Path to private Key File,Ruta al archivo de clave privada,
Path {0} it not a valid path,Ruta {0} no es una ruta válida,
Payload Count,Recuento de datos,
Pending,Pendiente,
Pending Approval,Aprobación pendiente,
Pending Emails,Correos electrónicos pendientes,
Pending Jobs,Trabajos pendientes,
Pending Verification,Verificación pendiente,
Percent,Por ciento,
Percentage,Porcentaje,
Period,Período,
Perm Level,Nivel permitido,
Permanent,Permanente,
Permanently Cancel {0}?,¿Cancelar permanentemente {0}?,
Permanently Discard {0}?,¿Descartar permanentemente {0}?,
Permanently Submit {0}?,¿Validar permanentemente {0}?,
Permanently delete {0}?,"¿Eliminar permanentemente ""{0}""?",
Permission Error,Error de Permiso,
Permission Inspector,Supervisor de Permisos,
Permission Level,Nivel de permisos,
Permission Levels,Nivel de Permisos,
Permission Log,Registro de permisos,
Permission Query,Consulta de permisos,
Permission Rules,Reglas de permisos,
Permission Type,Tipo de Permiso,
Permissions,Permisos,
Permissions Error,Error de Permisos,
Permissions are automatically applied to Standard Reports and searches.,Los permisos se aplican automáticamente a los Informes estándar y a las búsquedas.,
"Permissions are set on Roles and Document Types (called DocTypes) by setting rights like Read, Write, Create, Delete, Submit, Cancel, Amend, Report, Import, Export, Print, Email and Set User Permissions.","Los permisos son configurados en Roles y Tipos de Documento (llamados DocTypes) configurando derechos como Leer, Escribir, Eliminar, Validar, Cancelar, Rectificar, Reportar, Importar, Exportar, Imprimir, Email y Configurar Permisos de Usuarios.",
Permissions at higher levels are Field Level permissions. All Fields have a Permission Level set against them and the rules defined at that permissions apply to the field. This is useful in case you want to hide or make certain field read-only for certain Roles.,Los permisos de niveles superiores son permisos de Nivel de Campo. Todos los Campos tienen un Nivel de Permiso establecido contra ellos y las reglas definidas en ese permiso se aplican al campo. Esto es útil en caso de que desee ocultar o hacer que ciertos campos sean de sólo lectura para ciertos Roles.,
"Permissions at level 0 are Document Level permissions, i.e. they are primary for access to the document.","Los permisos en el nivel 0 son permisos de nivel de documento, es decir, son primordiales para acceder al documento.",
Permissions get applied on Users based on what Roles they are assigned.,Los permisos se aplican a los usuarios en función de los roles que tengan asignados.,
Permitted Documents For User,Documentos permitidos a los usuarios,
Permitted Roles,Roles permitidos,
Personal,Personal,
Personal Data Deletion Request,Solicitud de eliminación de datos personales,
Personal Data Deletion Step,Paso de eliminación de datos personales,
Personal Data Download Request,Solicitud de descarga de datos personales,
Phone,Teléfono,
Phone No.,No. de teléfono,
Phone Number {0} set in field {1} is not valid.,Número de teléfono {0} establecido en el campo {1} no es válido.,
Pick Columns,Seleccionar columnas,
Pie,Tarta,
Pincode,Código Postal,
Pink,Rosa,
Placeholder,Marcador de posición,
Plain Text,Texto sin formato,
Plant,Planta,
Please Authorize OAuth for Email Account {0},"Por favor, autorice OAuth para la cuenta de correo electrónico {0}",
Please Authorize OAuth for Email Account {},"Por favor, autorice OAuth para la cuenta de correo {}",
Please Duplicate this Website Theme to customize.,"Por favor, duplicar este tema de la página Web para personalizarlo.",
Please Install the ldap3 library via pip to use ldap functionality.,Instale la biblioteca ldap3 a través de pip para usar la funcionalidad ldap.,
Please Set Chart,"Por favor, establezca el gráfico",
Please Update SMS Settings,"Por favor, actualizar la configuración SMS",
Please add a subject to your email,Por favor agregue un asunto a su correo electrónico,
Please add a valid comment.,Agregue un comentario válido.,
Please ask your administrator to verify your sign-up,"Por favor, consulte a su administrador para verificar su registro",
Please attach a file first.,"Por favor, adjunte un archivo",
Please attach an image file to set HTML for Footer.,"Por favor, adjunte un archivo de imagen para establecer el HTML para el pie de página.",
Please attach an image file to set HTML for Letter Head.,"Por favor, adjunte un archivo de imagen para establecer el HTML para el membrete.",
Please attach the package,Por favor adjunte el paquete,
Please check the filter values set for Dashboard Chart: {},Compruebe los valores de filtro establecidos para el gráfico del tablero: {},
"Please check the value of ""Fetch From"" set for field {0}","Por favor, compruebe el valor de ""Obtener desde"" establecido para el campo {0}",
Please check your email for verification,"Por favor, consultar su correo electrónico para la verificación",
Please check your email login credentials.,"Por favor, compruebe sus credenciales de acceso de correo electrónico.",
Please check your registered email address for instructions on how to proceed. Do not close this window as you will have to return to it.,Compruebe su dirección de correo electrónico registrada para obtener instrucciones sobre cómo proceder. No cierre esta ventana ya que tendrá que volver a ella.,
Please click Edit on the Workspace for best results,Haga clic en Editar en el espacio de trabajo para obtener mejores resultados,
"Please click on 'Export Errored Rows', fix the errors and import again.","Haga clic en ""Exportar filas con errores"", corrija los errores y vuelva a importar.",
Please click on the following link and follow the instructions on the page. {0},Haga clic en el siguiente enlace y siga las instrucciones de la página. {0},
Please click on the following link to set your new password,"Por favor, haga clic en el siguiente enlace para configurar su nueva contraseña",
Please confirm your action to {0} this document.,Confirma tu acción a {0} este documento.,
Please contact your system manager to install correct version.,Póngase en contacto con el responsable de su sistema para instalar la versión correcta.,
Please create Card first,Primero crea la tarjeta,
Please create chart first,Por favor cree el cuadro primero,
Please delete the field from {0} or add the required doctype.,"Por favor, elimine el campo de {0} o añada el doctype requerido.",
Please do not change the template headings.,"Por favor, no cambie los encabezados de la plantilla.",
Please duplicate this to make changes,"Por favor, duplicar esto para realizar los cambios",
Please enable atleast one Social Login Key or LDAP or Login With Email Link before disabling username/password based login.,"Por favor, habilite al menos una Clave de Inicio de Sesión Social o LDAP o Inicio de Sesión con Enlace de Correo Electrónico antes de deshabilitar el inicio de sesión basado en nombre de usuario/contraseña.",
Please enable pop-ups,"Por favor, active los pop-ups",
Please enable pop-ups in your browser,Habilite las ventanas emergentes en su navegador,
Please enable {} before continuing.,Habilite {} antes de continuar.,
Please ensure that your profile has an email address,"Por favor, asegúrese de que su perfil tiene una dirección de correo electrónico",
Please enter Access Token URL,Por favor ingrese la URL del Access Token,
Please enter Authorize URL,Por favor ingrese Authorize URL,
Please enter Base URL,Por favor ingrese la URL Base,
Please enter Client ID before social login is enabled,Ingrese ID de Cliente antes de que se active el inicio de sesión social,
Please enter Client Secret before social login is enabled,Ingrese Client Secret antes de que el inicio de sesión social esté habilitado,
Please enter OpenID Configuration URL,"Por favor, introduzca la URL de configuración de OpenID",
Please enter Redirect URL,Por favor ingrese la URL de Redireccion,
Please enter a valid email address.,"Por favor, introduzca una dirección de correo válida.",
Please enter both your email and message so that we can get back to you. Thanks!,"Por favor, introduzca tanto su correo electrónico como su mensaje para que podamos ponernos en contacto con usted. Gracias.",
Please enter the password,Por favor introduzca la contraseña,
Please enter valid mobile nos,"Por favor, ingrese un numero de móvil válido",
Please enter your new password.,"Por favor, ingrese su nueva contraseña.",
Please enter your old password.,"Por favor, introduzca su antigua contraseña.",
Please find attached {0}: {1},Encuentra adjunto {0}: {1},
Please login to post a comment.,"Por favor, inicie sesión para enviar un comentario.",
Please make sure the Reference Communication Docs are not circularly linked.,Asegúrese de que los documentos de comunicación de referencia no estén vinculados circularmente.,
Please refresh to get the latest document.,"Por favor, actualice para obtener el último documento.",
Please remove the printer mapping in Printer Settings and try again.,"Por favor, elimine la asignación de la impresora en Configuración de la impresora e inténtelo de nuevo.",
Please save before attaching.,"Por favor, guarde los cambios antes de adjuntar",
Please save the document before assignment,"Por favor, guarde el documento antes de la asignación",
Please save the document before removing assignment,"Por favor, guarde el documento antes de remover la asignación",
Please save the report first,"Por favor, guarde el informe primero",
Please save to edit the template.,Guarde para editar la plantilla.,
Please select DocType first,"Por favor, seleccione 'DocType' primero",
Please select Entity Type first,"Por favor, seleccione Tipo de entidad primero",
Please select Minimum Password Score,Seleccione el valor mínimo de la contraseña,
Please select X and Y fields,"Por favor, seleccione campos X e Y",
Please select a country code for field {1}.,"Por favor, seleccione un código de país para el campo {1}.",
Please select a file first.,"Por favor, seleccione un archivo primero",
Please select a file or url,"Por favor, seleccione un archivo o url",
Please select a valid csv file with data,"Por favor, seleccione un archivo csv con datos válidos",
Please select a valid date filter,Seleccione un filtro de fecha válido,
Please select applicable Doctypes,Por favor seleccione Doctypes aplicables,
Please select atleast 1 column from {0} to sort/group,"Por favor, seleccione al menos 1 columna de {0} para ordenar / agrupar",
Please select prefix first,"Por favor, seleccione primero el prefijo",
Please select the Document Type.,Por favor seleccione el Tipo de Documento.,
Please select the LDAP Directory being used,"Por favor, seleccione el Directorio LDAP que se está utilizando",
Please select {0},"Por favor, seleccione {0}",
Please set Email Address,"Por favor, establece Dirección de correo electrónico",
Please set a printer mapping for this print format in the Printer Settings,Configure una asignación de impresora para este formato de impresión en la Configuración de la impresora,
Please set filters,"Por favor, defina los filtros",
Please set filters value in Report Filter table.,Defina el valor de los filtros en la tabla Filtro de informes.,
Please set the document name,"Por favor, establezca el nombre del documento",
Please set the following documents in this Dashboard as standard first.,Primero configure los siguientes documentos en este Panel como estándar.,
Please set the series to be used.,"Por favor, configure la serie que se utilizará.",
"Please setup SMS before setting it as an authentication method, via SMS Settings","Configure SMS antes de configurarlo como un método de autenticación, a través de Configuración de SMS",
Please setup a message first,Configura un mensaje primero,
Please setup default outgoing Email Account from Settings > Email Account,"Por favor, configure la cuenta de correo saliente por defecto desde Ajustes > Cuenta de Correo",
Please specify,"Por favor, especifique",
Please specify a valid parent DocType for {0},"Por favor, especifique un DocType padre válido para {0}",
Please specify at least 10 minutes due to the trigger cadence of the scheduler,Especifique al menos 10 minutos debido a la cadencia de activación del programador.,
Please specify the minutes offset,Especifique el desfase de minutos,
Please specify which date field must be checked,Por favor especifique la fecha que debe ser verificada,
Please specify which datetime field must be checked,Por favor especifique la fecha que debe ser verificada,
Please specify which value field must be checked,"Por favor, especifique qué campo debe ser revisado",
Please try again,"Por favor, inténtelo de nuevo",
Please update {} before continuing.,"Por favor, actualice {} antes de continuar.",
Please use a valid LDAP search filter,"Por favor, utilice un filtro de búsqueda LDAP válido",
Please visit https://frappecloud.com/docs/sites/migrate-an-existing-site#encryption-key for more information.,"Por favor, visite https://frappecloud.com/docs/sites/migrate-an-existing-site#encryption-key para más información.",
Polling,Sondeo,
Popover Element,Ventatna emergente,
Popover or Modal Description,Descripción modal o ventana emergente,
Port,Puerto,
Portal Menu,Menú del Portal,
Portal Menu Item,Elemento del Menú del Portal,
Portal Settings,Configuración del portal,
Portrait,Retrato,
Position,Posición,
Post,Publicar,
"Post it here, our mentors will help you out.","Envíalo aquí, nuestros mentores te ayudarán.",
Postal,Postal,
Postal Code,Codigo postal,
Posting Timestamp,Marca de tiempo de la publicación,
Precision,Precisión,
Precision should be between 1 and 6,Precisión debe estar entre 1 y 6,
Predictable substitutions like '@' instead of 'a' don't help very much.,"Sustituciones predecibles como ""@"" en lugar de ""a"" no ayudan mucho.",
Prefer not to say,Prefiero no decirlo,
Preferred Billing Address,Dirección de facturación preferida,
Preferred Shipping Address,Dirección de envío preferida,
Prefix,Prefijo,
Prepared Report,Informe Preparado,
Prepared Report User,Usuario de informe preparado,
Prepared report render failed,Error en la representación del informe preparado,
Preparing Report,Preparando Informe,
Prepend the template to the email message,Anexar la plantilla al mensaje de correo electrónico,
Press Alt Key to trigger additional shortcuts in Menu and Sidebar,Presione la tecla Alt para activar accesos directos adicionales en Menú y Barra lateral,
Press Enter to save,Presione Enter para guardar,
Preview,Vista Previa,
Preview HTML,Vista Previa HTML,
Preview Message,Mensaje de Vista Previa,
Preview Mode,Modo de previsualización,
Preview of generated names,Vista previa de los nombres generados,
Preview on {0},Vista previa en {0},
Preview type,Tipo de vista previa,
Preview:,Vista Previa:,
Previous,Anterior,Go to previous slide
Previous Submission,Envío anterior,
Primary,Primario,
Primary Address,Dirección Primaria,
Primary Color,Color primario,
Primary Contact,Contacto Principal,
Primary Email,Correo principal,
Primary Mobile,Móvil principal,
Primary Phone,Teléfono principal,
Primary key of doctype {0} can not be changed as there are existing values.,"La clave primaria del doctype {0} no puede modificarse, ya que existen valores existentes.",
Print,Impresión,
Print Documents,Imprimir Documentos,
Print Format,Formatos de Impresión,
Print Format Builder,Diseñador de formatos de impresión,
Print Format Builder Beta,Diseñador de formatos de impresión Beta,
Print Format Error,Error de formato de impresión,
Print Format Field Template,Formato de impresión de Plantilla de campo,
Print Format Help,Ayuda de formato de impresión,
Print Format Type,Tipo de formato de impresión,
Print Format {0} is disabled,El formato de impresión {0} está deshabilitado,
Print Heading,Imprimir Encabezado,
Print Hide,Ocultar en impresión,
Print Hide If No Value,Impresión Oculta si no hay Valor,
Print Language,Lenguaje de impresión,
Print Sent to the printer!,¡La impresión ha sido enviada a la impresora!,
Print Server,Servidor de Impresión,
Print Settings,Ajustes de Impresión,
Print Style,Estilo de Impresión,
Print Style Name,Nombre del Estilo de Impresión,
Print Style Preview,Vista previa de estilo,
Print Width,Ancho de Impresión,
"Print Width of the field, if the field is a column in a table","Imprimir el ancho del campo, si el campo es una columna en una tabla",
Print document,Imprimir Documento,
Print with letterhead,Imprimir con membrete,
Printer,Impresora,
Printer Mapping,Mapeo de impresora,
Printer Name,Nombre de la Impresora,
Printer Settings,Configuración de la impresora,
Printer mapping not set.,El mapeo de impresora no está establecido.,
Printing,Impresión,
Printing failed,Impresión Fallida,
Priority,Prioridad,
Private,Privado,
Private Files (MB),Archivos privados (MB),
ProTip: Add <code>Reference: {{ reference_doctype }} {{ reference_name }}</code> to send document reference,Protip: Agregar <code>Reference: {{ reference_doctype }} {{ reference_name }}</code> enviar referencia del documento,
Proceed,Proceder,
Proceed Anyway,Procede de todas maneras,
Processing,Procesando,
Processing...,Procesando...,
Prof,Prof,
Progress,Progreso,
Project,Proyecto,
Property,Propiedad,
Property Depends On,La propiedad depende de,
Property Setter,Fijador de Propiedades,
Property Setter overrides a standard DocType or Field property,Property Setter sobreescribe una propiedad de un DocType o Field estándar,
Property Type,Tipo de Inmueble,
"Provide a list of allowed file extensions for file uploads. Each line should contain one allowed file type. If unset, all file extensions are allowed. Example: <br>CSV<br>JPG<br>PNG","Proporcione una lista de extensiones de archivo permitidas para la carga de archivos. Cada línea debe contener un tipo de archivo permitido. Si no está configurado, se permiten todas las extensiones de archivo. Ejemplo: <br>CSV<br>JPG<br>PNG",
Provider,Proveedor,
Provider Name,Nombre del Proveedor,
Public,Público,
Public Files (MB),Archivos públicos (MB),
Publish,Publicar,
Published,Publicado,
Publishing Dates,Fecha de publicación,
Pull Emails,Comprobar correos electrónicos entrantes,
Pull from Google Calendar,Tire de Google Calendar,
Pull from Google Contacts,Tire de los contactos de Google,
Pulled from Google Calendar,Extraído de Google Calendar,
Pulled from Google Contacts,Extraído de los contactos de Google,
Pulling emails...,Comprobando correos electrónicos entrantes...,
Purchase Manager,Gerente de compras,
Purchase Master Manager,Director de compras,
Purchase User,Usuario de compras,
Purple,Morado,
Push Notification Settings,Configuración de Notificaciones Push,
Push to Google Calendar,Empuje a Google Calendar,
Push to Google Contacts,Empuje a Contactos de Google,
Put on Hold,Poner en espera,
Python,Python,
QR Code,Código QR,
QR Code for Login Verification,Código QR para la verificación de inicio de Sesión,
QZ Tray Failed:,Bandeja QZ fallida:,
Quarterly,Trimestral,
Query,Consulta,
Query / Script,Consulta / Script,
Query Options,Opciones de Consulta,
Query Parameters,Parámetros de Consulta,
Query Report,Informe de Consultas,
Query analysis complete. Check suggested indexes.,Análisis de consultas finalizado. Compruebe los índices sugeridos.,
Query must be of SELECT or read-only WITH type.,La consulta debe ser de tipo SELECT o WITH de sólo lectura.,
Queue,Cola,
Queue Status,Estado de la cola,
Queue Type(s),Tipo(s) de Cola,
Queue in Background (BETA),Cola en segundo plano (BETA),
Queue should be one of {0},Cola debe ser una de {0},
Queue(s),Cola(s),
Queued,En cola,
Queued At,En cola el,
Queued By,En cola por,
Queued for Submission. You can track the progress over {0}.,En cola para envío. Puedes seguir el progreso durante {0}.,
Queued for backup. You will receive an email with the download link,En cola para la copia de seguridad. Recibirá un correo electrónico con el enlace de descarga,
Queues,Colas,
Queuing {0} for Submission,Poniendo en cola {0} para su envío,
Quick Entry,Entrada Rápida,
Quick Help for Setting Permissions,Ayuda rápida para Establecer Permisos,
Quick List Filter,Filtro de lista rápida,
Quick Lists,Listas rápidas,
Quoting must be between 0 and 3,La Cotización debe estar entre 0 y 3,
RAW Information Log,Registro de información RAW,
RQ Job,Trabajo RQ,
RQ Worker,Trabajador RQ,
Random,Aleatorio,
Range,Rango,
Rate Limiting,Limitando tasa,
Rate limit for email link login,Límite de inicio de sesión mediante enlace de correo,
Rating,Clasificación,
Raw Commands,Comandos sin formato,
Raw Email,Correo electrónico sin procesar,
Raw Printing,Impresión en bruto,
Raw Printing Setting,Configuración de Impresión sin formato,
Raw Printing Settings,Configuración de Impresión sin formato,
Re-Run in Console,Volver a ejecutar en la consola,
Re:,Re:,
Re: {0},Re: {0},
Read,Leer,
Read Only,Sólo lectura,
Read Only Depends On,Solo lectura depende de,
Read Only Depends On (JS),Solo lectura Depende de (JS),
Read Only Mode,Modo de solo lectura,
Read by Recipient,Leído por el Destinatario,
Read by Recipient On,Leído por el Destinatario en,
Read mode,Modo de lectura,
Read the documentation to know more,Lea la documentación para saber más,
Readme,Léeme,
Realtime (SocketIO),Tiempo real (SocketIO),
Reason,Razón,
Rebuild,Reconstruir,
Rebuild Tree,Reconstruir el árbol,
Rebuilding of tree is not supported for {},No se admite la reconstrucción del árbol para {},
Received,Recibido,
Received an invalid token type.,Se recibió un tipo de token no válido.,
Receiver By Document Field,Receptor por campo de documento,
Receiver By Role,Receptor por función,
Receiver Parameter,Parámetro del receptor,
Recent years are easy to guess.,Años recientes son fáciles de adivinar.,
Recents,Recientes,
Recipient,Beneficiario,
Recipient Unsubscribed,Receptor no suscrito,
Recipients,Destinatarios,
Recorder,Grabadora,
Recorder Query,Consultas registradas,
Recorder Suggested Index,Registro del Índice sugerido,
Records for following doctypes will be filtered,Se filtrarán los registros de los siguientes doctypes,
Recursive Fetch From,Obtención recursiva desde,
Red,Rojo,
Redirect HTTP Status,Estado de la redirección HTTP,
Redirect URI,Redirigir URI,
Redirect URI Bound To Auth Code,URI de redireccionamiento obligado a Auth Code,
Redirect URIs,URIs de Redireccionamiento,
Redirect URL,Redireccionar URL,
Redirect to the selected app after login,Redirigir a la aplicación seleccionada tras el inicio de sesión,
Redirect to this URL after successful confirmation.,Redirigir a esta URL tras una confirmación satisfactoria.,
Redirects,Redirección,
Redis cache server not running. Please contact Administrator / Tech support,"El servidor de caché Redis no esta funcionando. Por favor, póngase en contacto con el administrador / soporte técnico",
Redo,Rehacer,
Redo last action,Rehacer última acción,
Ref DocType,Ref. DocType,
Referance Doctype and Dashboard Name both can't be used at the same time.,El nombre de la referencia del Doctype y del tablero de datos no se pueden usar al mismo tiempo.,
Reference,Referencia,
Reference Date,Fecha de referencia,
Reference Datetime,Fecha de referencia,
Reference DocName,DocName de referencia,
Reference DocType,DocType de referencia,
Reference DocType and Reference Name are required,'DocType' de referencia y nombre referencia son requeridos,
Reference Docname,Referencia DocName,
Reference Doctype,Referencia a 'DocType',
Reference Document,Documento de referencia,
Reference Document Name,Referencia Nombre del documento,
Reference Document Type,Tipo de Documento de Referencia,
Reference Name,Nombre Referencia,
Reference Owner,Propietario de Referencia,
Reference Report,Informe de referencia,
Reference Type,Tipo de referencia,
Reference name,Nombre de referencia,
Reference: {0} {1},Referencia: {0} {1},
Referrer,Referente,
Refresh,Actualizar,
Refresh All,Refrescar todo,
Refresh Google Sheet,Actualizar hoja de Google,
Refresh Token,Actualizar Token,
Refreshing...,Refrescando...,
Registered but disabled,Registrado pero discapacitados,
Rejected,Rechazado,
Relay Server URL missing,Falta la URL del servidor de retransmisión,
Relay Settings,Configuración del Relé,
Release Notes,Notas de Versión,
Relink,Volver a vincular,
Relink Communication,Volver a vincular la Comunicación,
Relinked,Re-enlazado,
Reload,Recargar,
Reload File,Recargar archivo,
Reload List,Recargar lista,
Reload Report,Recargar Informe,
Remember Last Selected Value,Recordar el último valor seleccionado,
Remind At,Recordar el,
Remind Me,Recuérdemelo,
Remind Me In,Recordármelo en,
Reminder,Recordatorio,
Reminder cannot be created in past.,No se pueden crear recordatorios en el pasado.,
Reminder set at {0},Recordatorio fijado el {0},
Remove,Eliminar,
Remove Failed Jobs,Eliminar Trabajos Fallidos,
Remove Field,Quitar Campo,
Remove Section,Remover la sección,
Remove all customizations?,¿Remover todas las personalizaciones?,
Remove all fields in the column,Eliminar todos los campos de la columna,
Remove column,Eliminar columna,
Remove field,Eliminar campo,
Remove last column,Eliminar la última columna,
Remove page break,Eliminar salto de página,
Remove section,Eliminar sección,
Remove tab,Eliminar Pestaña,
Removed,Eliminado,
Rename,Renombrar,
Rename Fieldname,Renombrar Nombre de Campo,
Rename {0},Cambiar el nombre {0},
"Renamed files and replaced code in controllers, please check!","Archivos renombrados y código reemplazado en los controladores, por favor verifique!",
Render labels to the left and values to the right in this section,Renderice las etiquetas a la izquierda y los valores a la derecha en esta sección,
Reopen,Reabrir,
Repeat,Repetir,
Repeat Header and Footer,Repetir Encabezado y Pie de página,
Repeat On,Repetir en,
Repeat Till,Repitir hasta,
Repeat on Day,Repita el Día,
Repeat on Days,Repetir los días,
Repeat on Last Day of the Month,Repita el último día del mes,
Repeat this Event,Repetir este evento,
"Repeats like ""aaa"" are easy to guess","Repeticiones como ""aaa"" son fáciles de adivinar",
"Repeats like ""abcabcabc"" are only slightly harder to guess than ""abc""","Repeticiones como ""abcabcabc"" son sólo un poco más difícil de adivinar que el ""abc""",
Repeats {0},Se repite {0},
Replicate,Replicar,
Replicating...,Replicar...,
Replication completed.,Replicación completada.,
Replied,Respondido,
Reply,Responder,
Reply All,Responder a todos,
Report,Reporte,
Report Builder,Generador de reportes,
Report Column,Columna de informe,
Report Description,Descripción del reporte,
Report Document Error,Informar error de documento,
Report Filter,Filtro de informe,
Report Filters,Filtros de informe,
Report Hide,Ocultar reporte,
Report Information,Informar información,
Report Manager,Administrador de reportes,
Report Name,Nombre del reporte,
"Report Name, Report Field and Fucntion are required to create a number card","Nombre del informe, Campo del informe y Fucnión son necesarios para crear un Widget numérico",
Report Ref DocType,Tipo de documento de referencia del informe,
Report Reference Doctype,Tipo de documento de referencia del informe,
Report Type,Tipo de reporte,
Report View,Vista de Reporte,
Report bug,Reportar error,
Report cannot be set for Single types,El reporte no se puede definir para un solo tipo,
"Report has no data, please modify the filters or change the Report Name","El informe no tiene datos, modifique los filtros o cambie el Nombre del informe",
"Report has no numeric fields, please change the Report Name","El informe no tiene campos numéricos, cambie el nombre del informe",
"Report initiated, click to view status","Informe iniciado, haga clic para ver el estado",
Report limit reached,Límite de reportes alcanzado,
Report timed out.,Se agotó el tiempo de espera para reportar.,
Report updated successfully,Informe actualizado con éxito,
Report was not saved (there were errors),El reporte no se pudo guardar (contiene errores),
Report with more than 10 columns looks better in Landscape mode.,El informe con más de 10 columnas se ve mejor en modo horizontal.,
Report {0},Informe {0},
Report {0} deleted,Informe {0} eliminado,
Report {0} is disabled,El reporte {0} está deshabilitado,
Report {0} saved,Informe {0} guardado,
Report:,Informe:,
Reports,Informes,
Reports & Masters,Informes y Maestros,
Reports already in Queue,Informes ya en cola,
Represents a User in the system.,Representa a un Usuario en el sistema.,
Represents the states allowed in one document and role assigned to change the state.,Representa los estados permitidos en un documento y el rol asignado para cambiar el estado.,
Request Body,Body de la solicitud,
Request Data,Datos de Solicitud,
Request Description,Descripción de la solicitud,
Request Headers,Headers de la solicitud,
Request ID,ID de la Solicitud,
Request Limit,Límite de solicitud,
Request Method,Método de solicitud,
Request Structure,Estructura de solicitud,
Request Timed Out,Tiempo de espera agotado,
Request Timeout,Tiempo de espera de la solicitud,
Request URL,URL de Solicitud,
Requested Numbers,Números solicitados,
Require Trusted Certificate,Requerir certificado de confianza,
"Requires any valid fdn path. i.e. ou=groups,dc=example,dc=com","Requiere cualquier ruta fdn válida. es decir, ou=grupos,dc=ejemplo,dc=com",
"Requires any valid fdn path. i.e. ou=users,dc=example,dc=com","Requiere cualquier ruta fdn válida. es decir ou=users,dc=example,dc=com",
Res: {0},Res: {0},
Reset,Reiniciar,
Reset All Customizations,Restablecer todas las personalizaciones,
Reset Changes,Restablecer Cambios,
Reset Chart,Restablecer gráfico,
Reset Dashboard Customizations,Restablecer personalizaciones del Tablero,
Reset Fields,Reestablecer campos,
Reset LDAP Password,Restablecer la contraseña LDAP,
Reset Layout,Restablecer Disposición,
Reset OTP Secret,Restablecer OTP Secret,
Reset Password,Restablecer contraseña,
Reset Password Key,Restablecer contraseña/clave,
Reset Password Link Expiry Duration,Duración de la caducidad del enlace de restablecimiento de contraseña,
Reset Password Template,Plantilla para Restablecer Contraseña,
Reset Permissions for {0}?,¿Restablecer los permisos para {0}?,
Reset To Default,Restablecer a valores por defecto,
Reset sorting,Restaurar orden,
Reset to default,Restaurar valores,
Reset to defaults,Restablecer predeterminados,
Reset your password,Restablecer su Contraseña,
Response,Respuesta,
Response Type,Tipo de respuesta,
Rest of the day,Resto del día,
Restore,Restaurar,
Restore Original Permissions,Restaurar permisos originales,
Restore to default settings?,Restaurar a la configuración predeterminada?,
Restored,Restaurado,
Restoring Deleted Document,Restaurar documento eliminado,
Restrict IP,Restringir IP,
Restrict To Domain,Restringir al dominio,
Restrict to Domain,Restringir a Domiñio,
Restrict user from this IP address only. Multiple IP addresses can be added by separating with commas. Also accepts partial IP addresses like (111.111.111),"Restringir el usuario a esta dirección IP. Todas las direcciones IP se pueden agregar separadas con comas, también se aceptan direcciones IP parciales como ( 111.111.111 )",
Result,Resultado,
Resume Sending,Reanudar el Envío,
Retry,Reintentar,
Retry Sending,Reintentar Envío,
Return to the Verification screen and enter the code displayed by your authentication app,Vuelva a la pantalla Verificación e introduzca el código que muestra su aplicación de autenticación,
Reverse Icon Color,Revertir Color de Icono,
Reverting length to {0} for '{1}' in '{2}'. Setting the length as {3} will cause truncation of data.,Revertir la longitud a {0} para '{1}' en '{2}'. Establecer la longitud como {3} provocará el truncamiento de los datos.,
Revocation URI,URI de revocación,
Revoke,Revocar,
Revoked,Revocado,
Rich Text,Texto Enriquecido,
Right,derecho,
Right Bottom,Abajo derecha,
Right Center,Centro-derecha,
Robots.txt,Robots.txt,
Role,Rol,
Role 'All' will be given to all system + website users.,El rol 'Todos' se otorgará a todos los usuarios del sistema y del sitio web.,
Role 'Desk User' will be given to all system users.,El rol 'Usuario de escritorio' se otorgará a todos los usuarios del sistema.,
Role Name,Nombre del rol,
Role Permission for Page and Report,Permiso para la función Página e Informe,
Role Permissions,Permisos de Rol,
Role Permissions Manager,Administrar permisos,
Role Profile,Perfil de Rol,
Role Profiles,Perfiles de Rol,
Role Replication,Replicación de roles,
Role and Level,Rol y nivel,
Role has been set as per the user type {0},Se ha establecido el rol según el tipo de usuario {0},
Roles,Roles,
Roles & Permissions,Roles y Permisos,
Roles Assigned,Roles Asignados,
Roles HTML,HTML Rol,
Roles Html,Roles HTML,
Roles can be set for users from their User page.,Los Roles pueden ser establecidos para los usuarios desde su página de Usuario.,
Root {0} cannot be deleted,Root {0} no se puede eliminar,
Round Robin,Round Robin,
Rounding Method,Método de Redondeo,
Route,Ruta,
Route History,Historia de la Ruta,
Route Redirects,Redirecciones de ruta,
"Route: Example ""/app""","Ruta: Ejemplo ""/app""",
Row,Línea,
Row #,Fila #,
Row # {0}: Non administrator user can not set the role {1} to the custom doctype,Fila # {0}: El usuario no administrador no puede establecer el rol {1} al doctype personalizado,
Row #{0}:,Fila #{0}:,
Row #{}: Fieldname is required,Fila #{}: Nombre del campo es obligatorio,
Row Indexes,Índice de Fila,
Row Name,Nombre de fila,
Row Number,Número de fila,
Row Values Changed,Valores de la Fila Cambiaron,
Row {0},Fila {0},
Row {0}: Not allowed to disable Mandatory for standard fields,Fila {0}: No se permite deshabilitar Obligatorio para Campos Estándar,
Row {0}: Not allowed to enable Allow on Submit for standard fields,Fila {0}: No se permite activar 'Permitir al validar' para los campos estándar,
Rows Added,Filas Añadidas,
Rows Removed,Filas Eliminadas,
Rule,Regla,
Rule Conditions,Condiciones de la regla,
"Rule for this doctype, role, permlevel and if-owner combination already exists.","Ya existe una regla para este DocType, Rol, Permlevel y la combinación if-owner.",
Rules defining transition of state in the workflow.,Reglas que definen la transición del estado en el flujo de trabajo.,
"Rules for how states are transitions, like next state and which role is allowed to change state etc.","Reglas para transición entre estados y la función que permite cambiar entre ellos, etc.",
Rules with higher priority number will be applied first.,Las reglas con un número de prioridad más alto se aplicarán primero.,
Run Jobs only Daily if Inactive For (Days),Ejecutar trabajos solo diariamente si está inactivo durante (días),
Run scheduled jobs only if checked,Ejecutar las tareas programadas solamente si están comprobadas,
SMS,SMS,
SMS Gateway URL,URL de pasarela SMS,
SMS Log,Registro de SMS,
SMS Parameter,Parámetros SMS,
SMS Settings,Ajustes de SMS,
SMS sent successfully,SMS enviado correctamente,
SMS was not sent. Please contact Administrator.,No se ha enviado el SMS. Póngase en contacto con el administrador.,
SMTP Server is required,Se necesita un servidor SMTP,
SQL,SQL,
"SQL Conditions. Example: status=""Open""","Condiciones SQL. Ejemplo: estado=""Abierto""",
SQL Explain,Explicación SQL,
SQL Output,Salida SQL,
SQL Queries,Consultas SQL,
SSL/TLS Mode,Modo SSL / TLS,
SWATCHES,SWATCHES,
Sales Manager,Gerente de ventas,
Sales Master Manager,Gerente principal de ventas,
Sales User,Usuario de ventas,
Salesforce,Fuerza de Ventas,
Salutation,Saludo.,
Same Field is entered more than once,El mismo Campo se ingresa más de una vez,
Sample,Muestra.,
Saturday,Sábado,
Save,Guardar,
Save Anyway,Guardar de todos modos,
Save As,Guardar como,
Save Customizations,Guardar Personalización,
Save Report,Guardar reporte,
Save filters,Guardar Filtro,
Save on Completion,Guardar al completar,
Save the document.,Guarde el documento.,
Saved,Guardado,
Saved Filters,Filtros Guardados,
Saving,Guardando,
Saving Customization...,Guardando personalización...,
Saving this will export this document as well as the steps linked here as json.,Al guardar esto se exportará este documento así como los pasos enlazados aquí como json.,
Saving...,Guardando...,
Scan QRCode,Escanear código QR,
Scan the QR Code and enter the resulting code displayed.,Escanee el código QR e ingrese el código resultante que se muestra.,
Schedule,Calendario,
Schedule Send At,Programar envío el,
Scheduled,Programado.,
Scheduled Job,Trabajo programado,
Scheduled Job Log,Registro de trabajos programados,
Scheduled Job Type,Tipo de trabajo programado,
Scheduled execution for script {0} has updated,Se actualizó la ejecución programada de la secuencia de comandos {0},
Scheduled to send,Programado para enviar,
Scheduler,Programador,
Scheduler Event,Evento del programador,
Scheduler Inactive,Programador inactivo,
Scheduler Status,Estado del planificador,
Scheduler can not be re-enabled when maintenance mode is active.,El programador no puede ser reactivado cuando el modo de mantenimiento está activo.,
Scheduler is inactive. Cannot import data.,El programador está inactivo. No se pueden importar datos.,
Scheduler: Active,Programador: Activo,
Scheduler: Inactive,Programador: Inactivo,
Scope,Alcance,
Scopes,Alcances,
Script,Script,
Script Manager,Administrador de guiones,
Script Report,Reporte de script,
Script Type,Tipo de script,
Script to attach to all web pages.,Script para adjuntar a todas las páginas web.,
Scripting,Scripting,
Scripting / Style,Scripting / Estilo,
Scripts,Scripts,
Search,Buscar,
Search Bar,Barra de Búsqueda,
Search Fields,Buscar campos,
Search Help,Ayuda en la Búsqueda,
Search Priorities,Prioridades de búsqueda,
Search Results,Resultados de la búsqueda,
Search by filename or extension,Búsqueda por nombre de archivo o extensión,
Search field {0} is not valid,campo de búsqueda {0} no es válido,
Search fields,Busca campos,
Search fieldtypes...,Buscar tipos de campos...,
Search for anything,Buscar por cualquier cosa,
Search for {0},Buscar a {0},
Search in a document type,Buscar en un tipo de documento.,
Search or type a command ({0}),Buscar o escribir un comando ({0}),
Search properties...,Buscar propiedades...,
Search results for,Resultados de la búsqueda para,
Search...,Buscar...,
Searching ...,Buscando ...,
Section,Sección,
Section Break,Salto de sección.,
Section Heading,Encabezado de sección,
Section ID,ID de sección,
Section Title,Título de la sección,
Section must have at least one column,La sección debe tener al menos una columna,
Security Settings,Configuración de seguridad,
See all Activity,Ver todas las actividades,
See all past reports.,Ver todos los reportes pasados.,
See on Website,Ver en el sitio web,
See the document at {0},Ver el documento en {0},
Seen,Visto,
Seen By,Visto por,
Seen By Table,Visto por la tabla,
Select,Seleccionar,
Select All,Seleccionar Todo,
Select Attachments,Seleccione adjuntos,
Select Child Table,Seleccionar tabla secundaria,
Select Column,Seleccionar Columna,
Select Columns,Seleccione columnas,
Select Country,Selecciona País,
Select Currency,Seleccionar Moneda,
Select Dashboard,Seleccionar panel de control,
Select Date Range,Seleccionar rango de fechas,
Select DocType,Seleccione un 'DocType',
Select Doctype,Seleccione Doctype,
Select Document Type,Seleccionar el tipo de documento.,
Select Document Type or Role to start.,Seleccione el tipo de documento o el rol para comenzar.,
Select Document Types to set which User Permissions are used to limit access.,Seleccione Tipos de documentos para establecer qué Permisos de usuario se utilizan para limitar el acceso.,
Select Field,Seleccionar campo,
Select Field...,Seleccionar campo...,
Select Fields,Seleccionar campos,
Select Fields To Insert,Seleccionar campos para insertar,
Select Fields To Update,Seleccionar campos para actualizar,
Select Filters,Seleccionar filtros,
Select Google Calendar to which event should be synced.,Seleccione Google Calendar con el que se debe sincronizar el evento.,
Select Google Contacts to which contact should be synced.,Seleccione Contactos de Google con los que se debe sincronizar el contacto.,
Select Group By...,Seleccione Agrupar por...,
Select Kanban,Seleccionar Kanban,
Select Language,Seleccione el idioma,
Select List View,Seleccionar Vista de Lista,
Select Mandatory,Selección Obligatoria,
Select Module,Seleccione Módulo,
Select Network Printer,Seleccione Impresora de red,
Select Page,Seleccionar Página,
Select Print Format,Seleccionar formato de impresión,
Select Print Format to Edit,Seleccionar formato de impresión a editar,
Select Report,Seleccionar Reporte,
Select Table Columns for {0},Seleccione columnas de la tabla para {0},
Select Time Zone,Selecciona la Zona Horaria,
Select Transaction,Seleccione el tipo de transacción,
Select Workflow,Seleccionar Flujo de Trabajo,
Select Workspace,Seleccione el Área de Trabajo,
Select Workspaces,Seleccionar espacios de trabajo,
Select a Brand Image first.,Seleccione una imagen de marca en primer lugar.,
Select a DocType to make a new format,Seleccione un 'DocType' para crear un nuevo formato,
Select a field to edit its properties.,Seleccione un campo para editar sus propiedades.,
Select a group node first.,Seleccione primero un nodo de grupo,
Select a valid Sender Field for creating documents from Email,Seleccione un campo de remitente válido para crear documentos desde el correo electrónico,
Select a valid Subject field for creating documents from Email,Seleccione un campo de asunto válido para crear documentos desde el correo electrónico,
Select an Image,Seleccionar una Imagen,
Select an app to continue,Seleccione una aplicación para continuar,
Select an existing format to edit or start a new format.,Seleccionar un formato existente para editar o comenzar un nuevo formato.,
Select an image of approx width 150px with a transparent background for best results.,Seleccione una imagen de ancho aprox 150px con fondo transparente para obtener mejores resultados.,
Select atleast 1 record for printing,Seleccionar al menos 1 registro para la impresión,
Select atleast 2 actions,Seleccione al menos 2 acciones,
Select or drag across time slots to create a new event.,Seleccione o arrastre a través de los intervalos de tiempo para crear un nuevo evento.,
Select records for assignment,Seleccione los registros para la asignación,
Select records for removing assignment,Seleccionar registros para eliminar la asignación,
Select the label after which you want to insert new field.,Seleccione la etiqueta con la cual desea insertar el nuevo campo.,
Select two versions to view the diff.,Seleccione dos versiones para ver la diferencia.,
Select {0},Seleccionar {0},
Self approval is not allowed,La auto aprobación no está permitida,
Send,Enviar,Send Email
Send <b>at the earliest</b> this number of minutes before or after the reference datetime. The actual sending may be delayed by up to 5 minutes due to the scheduler's trigger cadence.,Enviar <b>lo más pronto posible</b> este número de minutos antes o después de la fecha y hora de referencia. El envío real puede retrasarse hasta 5 minutos debido al retraso de activación de la tarea programada.,
Send After,Enviar después,
Send Alert On,Enviar alerta en,
Send Email Alert,Enviar Alerta de Correo Electrónico,
Send Email Print Attachments as PDF (Recommended),Enviar correo electrónico con adjuntos en formato PDF (recomendado),
Send Me A Copy of Outgoing Emails,Envíame una copia de los correos electrónicos salientes,
Send Notification to,Enviar notificación a,
Send Notifications For Documents Followed By Me,Enviar notificaciones de documentos seguidos por mí,
Send Notifications For Email Threads,Enviar notificaciones para hilos de correo electrónico,
Send Now,Enviar ahora,
Send Print as PDF,Enviar Impresión como 'PDF',
Send Read Receipt,Enviar confirmación de lectura,
Send System Notification,Enviar notificación del sistema,
Send To All Assignees,Enviar a todos los cesionarios,
Send Welcome Email,Enviar Email de bienvenida,
Send alert if date matches this field's value,Enviar una alarma si la fecha coincide con el valor de este campo,
Send alert if datetime matches this field's value,Enviar una alarma si la fecha coincide con el valor de este campo,
Send alert if this field's value changes,Enviar alerta si este campo cambia de valor,
Send an email reminder in the morning,Enviar un recordatorio por correo electrónico por la mañana,
Send days before or after the reference date,Enviar días antes o después de la fecha de referencia,
Send enquiries to this email address,Enviar solicitudes a esta dirección de correo electrónico,
Send login link,Enviar enlace de inicio de sesión,
Send me a copy,Enviarme una copia,
Send only if there is any data,Enviar sólo si hay algún dato,
Send unsubscribe message in email,Enviar mensaje de correo electrónico para darse de baja,
Sender,Remitente,
Sender Email,Correo electrónico del Remitente,
Sender Email Field,Campo Nombre del remitente,
Sender Field should have Email in options,El campo del remitente debe tener opciones de correo electrónico,
Sender Name,Nombre del Remitente,
Sender Name Field,Campo Nombre del remitente,
Sendgrid,SendGrid,
Sending,Enviando,
Sent,Enviado,
Sent On,Enviado el,
Sent Read Receipt,Confirmación de lectura enviada,
Sent To,Enviado a,
Sent or Received,Enviado o Recibido,
Sent/Received Email,Correo electrónico Enviado / Recibido,
Separator,Separador,
Sequence Id,Id de secuencia,
Series List for this Transaction,Lista de secuencias para esta transacción,
Series Updated for {},Serie actualizada para {},
Series counter for {} updated to {} successfully,Contador de Series para {} actualizado a {} exitosamente,
Series {0} already used in {1},Secuencia {0} ya utilizada en {1},
Server Action,Acción del servidor,
Server Error,Error del Servidor,
Server IP,Servidor IP,
Server Script,Script del servidor,
Server Scripts are disabled. Please enable server scripts from bench configuration.,"Los scripts de servidor están desactivados. Por favor, habilite los scripts de servidor desde la configuración de bench.",
Server Scripts feature is not available on this site.,La función Scripts de Servidor no está disponible en este sitio.,
Server was too busy to process this request. Please try again.,"El servidor estaba demasiado ocupado para procesar esta solicitud. Por favor, inténtelo de nuevo.",
Service,Servicios,
Session Default,Predeterminado de sesión,
Session Default Settings,Configuración predeterminada de sesión,
Session Defaults,Valores predeterminados de sesión,
Session Defaults Saved,Valores predeterminados de sesión guardados,
Session Expired,Sesión expirada,
Session Expiry (idle timeout),Expiración de la sesión (tiempo de inactivad),
Session Expiry must be in format {0},El vencimiento de sesión debe estar en formato {0},
Set,Establecer,
Set Banner from Image,Establecer banner desde imagen,
Set Chart,Establecer Gráfico,
"Set Default Options for all charts on this Dashboard (Ex: ""colors"": [""#d1d8dd"", ""#ff5858""])","Establezca opciones predeterminadas para todos los gráficos en este Tablero (Ej.: ""colores"": [""#d1d8dd"", ""#ff5858""])",
Set Dynamic Filters,Establecer filtros dinámicos,
Set Filters,Establecer filtros,
Set Filters for {0},Establecer filtros para {0},
Set Level,Establecer Nivel,
Set Limit,Establecer límite,
Set Naming Series options on your transactions.,Establezca las opciones de nombrado de la serie en sus transacciones.,
Set New Password,Establecer nueva contraseña,
Set Number of Backups,Establecer el número de copias de seguridad,
Set Password,Establecer Contraseña,
Set Permissions,Establecer Permisos,
Set Properties,Establecer propiedades,
Set Property After Alert,Establecer propiedad después de la Alerta,
Set Quantity,Establecer cantidad,
Set Role For,Establecer Rol Para,
Set User Permissions,Establecer permisos de usuario,
Set Value,Valor seleccionado.,
Set all private,Establecer todo privado,
Set all public,Establecer todo público,
Set as Default,Establecer como Predeterminado,
Set as Default Theme,Establecer como tema predeterminado,
Set by user,Establecido por el usuario,
Set dynamic filter values in JavaScript for the required fields here.,Establezca aquí valores de filtro dinámicos en JavaScript para los campos obligatorios.,
Set non-standard precision for a Float or Currency field,Ajuste de precisión no-estándar para los decimales o las monedas,
Set only once,Establecer solo una vez,
Set size in MB,Establecer tamaño en MB,
"Set the filters here. For example:
<pre class=""small text-muted""><code>
[{
	fieldname: ""company"",
	label: __(""Company""),
	fieldtype: ""Link"",
	options: ""Company"",
	default: frappe.defaults.get_user_default(""Company""),
	reqd: 1
},
{
	fieldname: ""account"",
	label: __(""Account""),
	fieldtype: ""Link"",
	options: ""Account"",
	reqd: 1
}]
</code></pre>","Establezca aquí los filtros. Por ejemplo:
<pre class=""small text-muted""><code>
[{
	fieldname: ""company"",
	label: __(""Company""),
	fieldtype: ""Link"",
	options: ""Company"",
	default: frappe.defaults.get_user_default(""Company""),
	reqd: 1
},
{
	fieldname: ""account"",
	label: __(""Account""),
	fieldtype: ""Link"",
	options: ""Account"",
	reqd: 1
}]
</code></pre>",
"Set the path to a whitelisted function that will return the data for the number card in the format:

<pre class=""small text-muted""><code>
{
	""value"": value,
	""fieldtype"": ""Currency"",
	""route_options"": {""from_date"": ""2023-05-23""},
	""route"": [""query-report"", ""Permitted Documents For User""]
}</code></pre>","Establezca la ruta a una función incluida en la lista blanca que devolverá los datos del Widget numérico en el formato:

<pre class=""small text-muted""><code>
{
	""value"": value,
	""fieldtype"": ""Currency"",
	""route_options"": {""from_date"": ""2023-05-23""},
	""route"": [""query-report"", ""Permitted Documents For User""]
}</code></pre>",
Setting this Address Template as default as there is no other default,Establecer esta plantilla de dirección por defecto ya que no existe una predeterminada,
Setting up Global Search documents.,Configuración de documentos de búsqueda global.,
Setting up your system,Configurando su Sistema,
Settings,Configuración,
Settings Dropdown,Menú desplegable de configuración,
Settings for Contact Us Page,Configuración de la Página Contáctenos,
Settings for the About Us Page,Configuración para la Página Acerca de Nosotros,
Setup,Configuración,
Setup > Customize Form,Configuración > Personalizar formulario,
Setup > User,Configuración > Usuario,
Setup > User Permissions,Configurar > Permisos del Usuario,
Setup Auto Email,Configuración automática de correo electrónico,
Setup Complete,Configuración Completa.,
Setup Series for transactions,Configurar Series para Transacciones,
Setup failed,Configuración fallida,
Share,Compartir,
Share With,Compartir con,
Share this document with,Compartir este documento con,
Share {0} with,Compartir {0} con,
Shared,Compartido,
Shared with the following Users with Read access:{0},Compartido con los siguientes usuarios con acceso de lectura: {0},
Shipping,Envío,
Shipping Address,Dirección de Envío,
Shop,Tienda,
Short keyboard patterns are easy to guess,patrones de teclado cortos son fáciles de adivinar,
Shortcuts,Atajos,
Show,Mostrar,
Show Absolute Values,Mostrar Valores Absolutos,
Show All,Mostrar Todo,
Show Calendar,Mostrar Calendario,
Show Currency Symbol on Right Side,Mostrar Símbolos de Moneda en el lado derecho,
Show Dashboard,Mostrar panel de control,
Show Document,Mostrar documento,
Show Error,Mostrar error,
Show Fieldname (click to copy on clipboard),Mostrar nombre de campo (clic para copiar en el portapapeles),
Show First Document Tour,Mostrar primer tour del documento,
Show Form Tour,Mostrar recorrido de formulario,
Show Full Error and Allow Reporting of Issues to the Developer,Mostrar el Error Completo y Permitir Reportes de Errores al Desarrollador,
Show Full Form?,¿Mostrar formulario completo?,
Show Keyboard Shortcuts,Mostrar atajos de teclado,
Show Labels,Mostrar Etiquetas,
Show Language Picker,Mostrar selector de idioma,
Show Line Breaks after Sections,Mostrar saltos de línea después de las Secciones,
Show Links,Mostrar enlaces,
Show Only Failed Logs,Mostrar solo registros fallidos,
Show Percentage Stats,Mostrar estadísticas de porcentaje,
Show Permissions,Mostrar Permisos,
Show Preview,Mostrar Vista Previa,
Show Preview Popup,Mostrar ventana emergente de vista previa,
Show Processlist,Mostrar lista de procesos,
Show Related Errors,Mostrar errores relacionados,
Show Report,Mostrar Reporte,
Show Saved,Mostrar guardado,
Show Section Headings,Mostrar títulos de las secciones,
Show Sidebar,Mostrar barra lateral,
Show Tags,Mostrar etiquetas,
Show Title,Mostrar título,
Show Title in Link Fields,Mostrar Título en Campos de Enlace,
Show Totals,Mostrar totales,
Show Tour,Mostrar Tours,
Show Traceback,Mostrar Traceback,
Show Warnings,Mostrar advertencias,
Show Weekends,Mostrar Fines de Semana,
Show account deletion link in My Account page,Mostrar enlace de eliminación de cuenta en la página Mi cuenta,
Show all Versions,Mostrar todas las versiones,
Show all activity,Mostrar toda la actividad,
Show as cc,Mostrar como cc,
Show attachments,Mostrar archivos adjuntos,
Show footer on login,Mostrar pie de página al iniciar sesión,
Show full form instead of a quick entry modal,Mostrar formulario completo en lugar de un modal de entrada rápida,
Show in Module Section,Mostrar en la sección Módulo,
Show in filter,Mostrar en Filtro,
Show link to document,Mostrar enlace al documento,
Show list,Mostrar lista,
Show more details,Mostrar más detalles,
Show on Timeline,Mostrar en línea de tiempo,
Show percentage difference according to this time interval,Mostrar diferencia porcentual de acuerdo con este intervalo de tiempo,
Show sidebar,Mostrar barra lateral,
"Show title in browser window as ""Prefix - title""","Mostrar título en la ventana del navegador como ""Prefijo - título""",
Show {0} List,Mostrar Lista {0},
Showing only Numeric fields from Report,Mostrando solo Campos Numéricos del Informe,
Showing only first {0} rows out of {1},Mostrando solo las primeras {0} filas de {1},
Sidebar,Barra Lateral,
Sidebar Items,Elementos de barra lateral,
Sidebar Settings,Configuración de la barra lateral,
Sidebar and Comments,Barra lateral y Comentarios,
Sign Up and Confirmation,Registro y confirmación,
Sign Up is disabled,El registro está desactivado,
Sign up,Regístrate,
Sign ups,Inscripciones,
Signature,Firma,
Signup Disabled,Registro deshabilitado,
Signups have been disabled for this website.,Se han desactivado las suscripciones para este sitio web.,
"Simple Python Expression, Example: Status in (""Closed"", ""Cancelled"")","Expresión simple de Python, ejemplo: estado en (""Cerrado"", ""Cancelado"")",
"Simple Python Expression, Example: Status in (""Invalid"")","Expresión simple de Python, ejemplo: estado en (""No válido"")",
"Simple Python Expression, Example: status == 'Open' and type == 'Bug'","Expresión Python simple, Ejemplo: estado == 'Abierto' y tipo == 'Error'",
Simultaneous Sessions,Sesiones simultáneas,
Single DocTypes cannot be customized.,Los DocTypes individuales no se pueden personalizar.,
Single Types have only one record no tables associated. Values are stored in tabSingles,"Los campos únicos, solo tienen un registro y no tienen tablas asociadas, los valores serán guardados en una columna aislada.",
"Site is running in read only mode for maintenance or site update, this action can not be performed right now. Please try again later.","El sitio está funcionando en modo de sólo lectura por mantenimiento o actualización del sitio, esta acción no puede realizarse en este momento. Por favor, inténtelo de nuevo más tarde.",
Size,Tamaño,
Size (MB),Tamaño (MB),
Skip,Omitir,
Skip Authorization,Saltar Autorización,
Skip Step,Saltar paso,
Skipped,Omitido,
Skipping Duplicate Column {0},Omitir columna duplicada {0},
Skipping Untitled Column,Saltar columna sin título,
Skipping column {0},Saltar columna {0},
Skipping fixture syncing for doctype {0} from file {1},Omitiendo sincronización de fixtures para doctype {0} del archivo {1},
"Skipping {0} of {1}, {2}","Saltando {0} de {1}, {2}",
Skype,Skype,
Slack,Slack,
Slack Channel,Canal de Slack,
Slack Webhook Error,Error de Slack Webhook,
Slack Webhook URL,URL del Webhook de Slack,
Slideshow,Presentación,
Slideshow Items,Presentación de productos,
Slideshow Name,Nombre de presentación,
Slideshow like display for the website,Presentación tipo presentación de diapositivas para el sitio web,
Slug,Slug,
Small Text,Texto pequeño,
Smallest Currency Fraction Value,Valor de Fracción de Moneda mas pequeño,
Smallest circulating fraction unit (coin). For e.g. 1 cent for USD and it should be entered as 0.01,"Unidad más pequeña fracción de circulación (moneda). Por ejemplo, 1 centavo por USD y debe ser ingresado como 0.01",
Snippet and more variables:  {0},Fragmento y más variables:  {0},
Social Link Settings,Configuración de enlaces sociales,
Social Link Type,Tipo de enlace social,
Social Login Key,Clave de Acceso Social,
Social Login Provider,Proveedor de Inicio de Sesión Social,
Social Logins,Inicios Sociales,
SocketIO Ping Check,Comprobación Ping SocketIO,
SocketIO Transport Mode,Modo de transporte SocketIO,
Soft-Bounced,Rebotes livianos,
Some columns might get cut off when printing to PDF. Try to keep number of columns under 10.,Algunas columnas pueden quedar cortadas al imprimir en PDF. Intente mantener el número de columnas por debajo de 10.,
Some of the features might not work in your browser. Please update your browser to the latest version.,Es posible que algunas de las funciones no funcionen en su navegador. Actualice su navegador a la última versión.,
Something went wrong,Algo salió mal,
Something went wrong during the token generation. Click on {0} to generate a new one.,Algo salió mal durante la generación de tokens. Haga clic en {0} para generar uno nuevo.,
Something went wrong.,Algo salió mal.,
Sorry! I could not find what you were looking for.,"Lamentablemente, no se puede encontrar lo que estaba buscando.",
Sorry! You are not permitted to view this page.,"Lamentablemente, usted no está autorizado para ver esta página.",
Sort Ascending,Orden ascendente,
Sort Descending,Orden descendente,
Sort Field,Ordenar por campo,
Sort Options,Opciones de clasificación,
Sort Order,Ordenar por,
Sort field {0} must be a valid fieldname,Campo de orden {0} debe ser un nombre de campo válido,
Source,Referencia,
Source Name,Nombre de la Fuente,
Source Text,Texto de origen,
Spacer,Espaciador,
Spam,Correo no deseado,
SparkPost,SparkPost,
Special Characters are not allowed,Caracteres especiales no están permitidos,
"Special Characters except '-', '#', '.', '/', '{{' and '}}' not allowed in naming series {0}","Caracteres especiales excepto '-', '#', '.', '/', '{{' and '}}' no permitidos en la serie de nombres {0}",
"Specify a custom timeout, default timeout is 1500 seconds","Especifique un tiempo de espera personalizado, el tiempo de espera por defecto es de 1500 segundos",
"Specify the domains or origins that are permitted to embed this form. Enter one domain per line (e.g., https://example.com). If no domains are specified, the form can only be embedded on the same origin.","Especifique los dominios u orígenes que tienen permiso para insertar este formulario. Ingrese un dominio por línea (por ejemplo, https://example.com). Si no se especifica ningún dominio, el formulario solo se puede insertar en el mismo origen.",
Splash Image,Imagen de bienvenida,
Sr,Sr,
Sr No.,Sr. Nro.,
Stack Trace,Stack Trace,
Standard,Estándar,
Standard DocType can not be deleted.,No se puede eliminar DocType estándar.,
"Standard DocType cannot have default print format, use Customize Form","Standard DocType no puede tener el formato de impresión predeterminado, use Customize Form",
Standard Not Set,Estándar no establecido,
Standard Permissions,Permisos estándares,
Standard Print Format cannot be updated,El formato de impresión estándar no se puede actualizar,
Standard Print Style cannot be changed. Please duplicate to edit.,El estilo de impresión estándar no se puede cambiar. Duplicar por favor para corregir.,
Standard Reports cannot be deleted,Los informes estándar no se pueden eliminar,
Standard Reports cannot be edited,Los informes estándar no se pueden editar,
Standard Sidebar Menu,Menú Lateral Estándar,
"Standard Web Forms can not be modified, duplicate the Web Form instead.","Los Formularios Web estándar no pueden modificarse, duplique el Formulario Web en su lugar.",
Standard rich text editor with controls,Editor de texto enriquecido estándar con controles,
Standard roles cannot be disabled,Roles estándar no pueden ser desactivados,
Standard roles cannot be renamed,No se puede cambiar el nombre de roles estándar,
Standard user type {0} can not be deleted.,El tipo de usuario estándar {0} no puede borrarse.,
Start,Iniciar,
Start Date,Fecha de inicio,
Start Date Field,Campo de Fecha de Inicio,
Start Import,Comience a Importar,
Start Recording,Iniciar grabación,
Start Time,Hora de inicio,
Start a new discussion,Empezar una nueva conversación,
Start entering data below this line,Comience ingresando datos debajo de esta línea,
Start new Format,Crear un nuevo formato,
StartTLS,StartTLS,
Started,Empezado,
Started At,Empezó a las,
Starting Frappe ...,Comenzando Frappé ...,
Starts on,Iniciar el,
State Properties,Propiedades de Estado,
State/Province,Provincia,
States,Estados,
Static Parameters,Parámetros estáticos,
Statistics,Estadísticas,
Stats,Estadísticas,
Stats Time Interval,Intervalo de tiempo de estadísticas,
Status,Estado,
Status Updated,Estado actualizado,
Status Updated. The email will be picked up in the next scheduled run.,Estado actualizado. El correo electrónico se sincronizará en la siguiente ejecución programada.,
Status: {0},Estado: {0},
Step,Paso,
Steps,Pasos,
Steps to verify your login,Pasos para verificar su inicio de sesión,
Stop,Detener,
Stopped,Detenido,
Storage Usage (MB),Uso de almacenamiento (MB),
Storage Usage By Table,Uso de almacenamiento por tabla,
Store Attached PDF Document,Almacenar documento PDF adjunto,
Stores the JSON of last known versions of various installed apps. It is used to show release notes.,Almacena el JSON de las últimas versiones conocidas de las aplicaciones instaladas. Se utiliza para mostrar notas de la versión.,
Stores the datetime when the last reset password key was generated.,Almacena la fecha y hora en que se generó la última clave de restablecimiento de contraseña.,
Straight rows of keys are easy to guess,Filas rectas de teclas son fáciles de adivinar,
Strip EXIF tags from uploaded images,Eliminar las etiquetas EXIF de las imágenes subidas,
Strong,Fuerte,
Style,Estilo,
Style Settings,Ajustes de Estilo,
"Style represents the button color: Success - Green, Danger - Red, Inverse - Black, Primary - Dark Blue, Info - Light Blue, Warning - Orange","El estilo representa el color del botón: Éxito - Verde, Peligro - Rojo, Inverso - Negro, Primario - Azul oscuro, Información - Azul claro, Advertencia - Naranja",
Stylesheet,Hoja de estilo,
"Sub-currency. For e.g. ""Cent""","Sub-moneda. Por ejemplo ""céntimo""",
Sub-domain provided by erpnext.com,Sub-dominio proporcionado por erpnext.com,
Subdomain,Sub-dominio,
Subject,Asunto,
Subject Field,Campo de Asunto,
"Subject Field type should be Data, Text, Long Text, Small Text, Text Editor","El tipo de campo de asunto debe ser Datos, Texto, Texto largo, Texto pequeño, Editor de texto",
Submission Queue,Cola de envío,
Submit,Validar,
Submit After Import,Validar después de importar,
Submit an Issue,Enviar un Problema,
Submit button label,Etiqueta del botón Validar,
Submit on Creation,Validar al crear,
Submit this document to complete this step.,Valide este documento para completar este paso.,
Submit this document to confirm,Valide este documento para confirmar,
Submitted,Validado,
Submitted Document cannot be converted back to draft. Transition row {0},El documento validado no puede convertirse de nuevo en borrador. Línea de transición {0},
Submitted document cannot be converted back to draft while transitioning from <b>{0} State</b> to <b>{1} State</b>,El documento validado no puede convertirse de nuevo en borrador mientras se pasa del <b>estado {0} </b> al <b>estado {1} </b>,
Submitting {0},Envío de {0},
Subsidiary,Subsidiaria,
Subtitle,Subtitular,
Success,Éxito,
Success Action,Acción de Éxito,
Success Message,Mensaje exitoso,
Success URI,URI de Éxito,
Success URL,URL exitoso,
Success message,"Mensaje de ""éxito""",
Success title,"Título de ""éxito""",
Successful Job Count,Recuento de trabajos exitosos,
Successful Transactions,Transacciones exitosas,
Successful: {0} to {1},Terminado: {0} a {1},
Successfully Updated,Actualizado exitosamente,
Successfully imported {0}, {0} Importado con éxito,
Successfully imported {0} out of {1} records.,Importado con éxito {0} de {1} registros.,
Successfully reset onboarding status for all users.,Se restableció correctamente el estado del tutorial para todos los usuarios.,
Successfully updated translations,Traducciones actualizadas con éxito,
Successfully updated {0},Actualizado exitosamente {0},
Successfully updated {0} out of {1} records.,Actualizado con éxito {0} de {1} registros.,
Suggest Optimizations,Sugerir optimizaciones,
Suggested Indexes,Índices sugeridos,
Suggested Username: {0},Nombre de usuario sugerido: {0},
Sum,Suma,
Sum of {0},Suma de {0},
Summary,Resumen,
Sunday,Domingo,
Suspend Sending,Suspender Envío,
Switch Camera,Cambiar Cámara,
Switch Theme,Cambiar Tema,
Switch To Desk,Pasar a Escritorio,
Switching Camera,Cambiando cámara,
Symbol,Símbolo.,
Sync,Sincronización,
Sync Calendar,Calendario de sincronización,
Sync Contacts,Sincronizar contactos,
Sync on Migrate,Sincronizar o Migrar,
"Sync token was invalid and has been reset, Retry syncing.","El token de sincronización no era válido y se ha restablecido, Vuelva a intentar la sincronización.",
Sync with Google Calendar,Sincronizar con Google Calendar,
Sync with Google Contacts,Sincronizar con los contactos de Google,
Sync {0} Fields,Sincronizar {0} campos,
Synced Fields,Campos sincronizados,
Syncing,Sincronización,
Syncing {0} of {1},Sincronizando {0} de {1},
Syntax Error,Error de sintaxis,
System,Sistema,
System Console,Consola del sistema,
System Generated Fields can not be renamed,Los campos generados del sistema no pueden ser renombrados,
System Health,Salud del sistema,
System Health Report,Reporte de Salud del Sistema,
System Health Report Errors,Errores en el informe de salud del sistema,
System Health Report Failing Jobs,Informe de salud del sistema Trabajos que fallan,
System Health Report Queue,Informe sobre la salud del sistema Cola,
System Health Report Tables,Informe sobre la salud del sistema Tablas,
System Health Report Workers,Informe sobre la salud del sistema Workers,
System Manager,Administrador del sistema,
System Manager privileges required.,Privilegios del Administrador del Sistema requeridos.,
System Notification,Notificación del sistema,
System Page,Página del Sistema,
System Settings,Configuración del Sistema,
System managers are allowed by default,Los administradores del sistema están permitidos de forma predeterminada,
Tab Break,Salto de Pestaña,
Tab Label,Etiqueta de pestaña,
Table,Tabla,
Table Break,Salto de Tabla,
Table Field,Campo de Tabla,
Table Fieldname,Nombre del Campo de Tabla,
Table Fieldname Missing,Falta Nombre del Campo de Tabla,
Table HTML,Tabla HTML,
Table MultiSelect,Tabla Multi-selección,
Table Trimmed,Tabla recortada,
Table updated,Tabla actualiza,
Table {0} cannot be empty,La tabla {0} no puede estar vacía,
Tabloid,Tabloide,
Tag,Etiqueta,
Tag Link,Enlace de etiqueta,
Tags,Etiquetas,
Take Photo,Tomar Foto,
Target,Objetivo,
Task,Tarea,
Tasks,Tareas,
Team Members,Miembros del Equipo,
Team Members Heading,Líderes de equipo,
Team Members Subtitle,Subtítulo de miembros del equipo,
Telemetry,Telemetría,
Template,Plantilla,
Template Error,Error de plantilla,
Template File,Archivo de plantilla,
Template Options,Opciones de plantilla,
Template Warnings,Advertencias de plantilla,
Templates,Plantillas,
Temporarily Disabled,Desactivado temporalmente,
Test Data,Datos de prueba,
Test Job ID,ID del trabajo de prueba,
Test Spanish,Probar español,
Test_Folder,Carpeta_Prueba,
Text,Texto,
Text Align,Alinear texto,
Text Color,Color de texto,
Text Content,Contenido del texto,
Text Editor,Editor de texto,
Thank you,Gracias.,
"Thank you for reaching out to us. We will get back to you at the earliest.


Your query:

{0}","Gracias por ponerse en contacto con nosotros. Nos pondremos en contacto con usted lo antes posible.


Su consulta:

{0}",
Thank you for spending your valuable time to fill this form,Gracias por tomarse el tiempo para llenar este formulario,
Thank you for your email,Gracias por su Email,
Thank you for your feedback!,¡Gracias por tus comentarios!,
Thank you for your message,¡Muchas gracias por tu mensaje!,
Thanks,Gracias,
The Auto Repeat for this document has been disabled.,La repetición automática para este documento ha sido deshabilitada.,
The CSV format is case sensitive,El formato CSV es sensible a mayúsculas y minúsculas,
"The Client ID obtained from the Google Cloud Console under <a href=""https://console.cloud.google.com/apis/credentials"">
""APIs &amp; Services"" &gt; ""Credentials""
</a>","El ID de cliente obtenido de la Consola de Google Cloud en <a href=""https://console.cloud.google.com/apis/credentials"">
""APIs &amp; Servicios"" &gt; ""Credenciales""
</a>",
The Condition '{0}' is invalid,La Condición '{0}' no es válida,
The File URL you've entered is incorrect,La URL del archivo que ha introducido es incorrecta,
The Push Relay Server URL key (`push_relay_server_url`) is missing in your site config,Falta la clave URL del servidor Push Relay (`push_relay_server_url`) en la configuración de su sitio,
The User record for this request has been auto-deleted due to inactivity by system admins.,El registro de usuario para esta solicitud se ha borrado automáticamente debido a la inactividad de los administradores del sistema.,
"The application has been updated to a new version, please refresh this page","La aplicación se ha actualizado a una nueva versión, por favor, volver a cargar esta página",
The application name will be used in the Login page.,El nombre de la aplicación se utilizará en la página de inicio de sesión.,
The attachments could not be correctly linked to the new document,Los archivos adjuntos no se pudieron vincular correctamente al nuevo documento,
"The browser API key obtained from the Google Cloud Console under <a href=""https://console.cloud.google.com/apis/credentials"">
""APIs &amp; Services"" &gt; ""Credentials""
</a>","La clave API del navegador obtenida de la Consola de Google Cloud en <a href=""https://console.cloud.google.com/apis/credentials"">
""APIs &amp; Servicios"" &gt; ""Credenciales""
</a>",
The changes have been reverted.,Los cambios han sido revertidos.,
The column {0} has {1} different date formats. Automatically setting {2} as the default format as it is the most common. Please change other values in this column to this format.,"La columna {0} tiene {1} diferentes formatos de fecha. Configuración automática de {2} como formato predeterminado, ya que es el más común. Cambie otros valores en esta columna a este formato.",
The comment cannot be empty,El comentario no puede estar vacío,
The contents of this email are strictly confidential. Please do not forward this email to anyone.,"El contenido de este correo electrónico es estrictamente confidencial. Por favor, no reenvíe este correo electrónico a nadie.",
The count shown is an estimated count. Click here to see the accurate count.,El recuento mostrado es un recuento estimado. Pulse aquí para ver el recuento exacto.,
The country's ISO 3166 ALPHA-2 code.,Código ISO 3166 ALPHA-2 del país.,
The document could not be correctly assigned,El documento no pudo ser asignado correctamente,
The document has been assigned to {0},El documento ha sido asignado a {0},
"The document type selected is a child table, so the parent document type is required.","El tipo de documento seleccionado es una tabla hija, por lo que se requiere el tipo de documento padre.",
The field {0} is mandatory,El campo {0} es obligatorio,
The fieldname you've specified in Attached To Field is invalid,El nombre de campo que ha especificado en Attached To Field no es válido,
The following Assignment Days have been repeated: {0},Se han repetido los siguientes Días de Asignación: {0},
The following Header Script will add the current date to an element in 'Header HTML' with class 'header-content',El siguiente Header Script añadirá la fecha actual a un elemento en 'Header HTML' con clase 'header-content',
The following values are invalid: {0}. Values must be one of {1},Los siguientes valores no son válidos: {0}. Los valores deben ser uno de {1},
The following values do not exist for {0}: {1},Los siguientes valores no existen para {0}: {1},
The limit has not set for the user type {0} in the site config file.,No se ha establecido el límite para el tipo de usuario {0} en el archivo de configuración del sitio.,
The link will expire in {0} minutes,El enlace caducará en {0} minutos,
The link you trying to login is invalid or expired.,El enlace con el que intenta iniciar sesión no es válido o ha caducado.,
"The meta description is an HTML attribute that provides a brief summary of a web page. Search engines such as Google often display the meta description in search results, which can influence click-through rates.","La meta descripción es un atributo HTML que proporciona un breve resumen de una página web. Los motores de búsqueda como Google suelen mostrar la meta descripción en los resultados de búsqueda, lo que puede influir en las tasas de clics.",
"The meta image is unique image representing the content of the page. Images for this Card should be at least 280px in width, and at least 150px in height.",La meta imagen es una imagen única que representa el contenido de la página. Las imágenes de esta tarjeta deben tener al menos 280 px de ancho y al menos 150 px de alto.,
The name that will appear in Google Calendar,El nombre que aparecerá en Google Calendar,
The next tour will start from where the user left off.,El siguiente recorrido comenzará desde donde lo dejó el usuario.,
The number of seconds until the request expires,El número de segundos hasta que expire la solicitud,
The password of your account has expired.,La contraseña de su cuenta ha caducado.,
The process for deletion of {0} data associated with {1} has been initiated.,Se ha iniciado el proceso de eliminación de {0} datos asociados con {1}.,
"The project number obtained from Google Cloud Console under <a href=""https://console.cloud.google.com/iam-admin/settings"">
""IAM &amp; Admin"" &gt; ""Settings""
</a>","El número de proyecto obtenido de Google Cloud Console en <a href=""https://console.cloud.google.com/iam-admin/settings"">
""IAM &amp; Admin"" &gt; ""Settings""
</a>",
The reset password link has been expired,El enlace para restablecer la contraseña ha caducado,
The reset password link has either been used before or is invalid,El enlace para restablecer la contraseña ya se ha utilizado antes o no es válido,
The resource you are looking for is not available,El recurso que está buscando no está disponible,
The role {0} should be a custom role.,El Rol {0} debe ser un Rol personalizado.,
The selected document {0} is not a {1}.,El documento seleccionado {0} no es un {1}.,
The system is being updated. Please refresh again after a few moments.,"El sistema se está actualizando. Por favor, actualice de nuevo después de unos momentos.",
The system provides many pre-defined roles. You can add new roles to set finer permissions.,El sistema ofrece muchos roles predefinidos. Puedes agregar nuevos roles para definir permisos más precisos.,
The total number of user document types limit has been crossed.,Se ha superado el límite total de tipos de documentos de usuario.,
The value you pasted was {0} characters long. Max allowed characters is {1}.,El valor que ha pegado tiene {0} caracteres. El máximo de caracteres permitidos es {1}.,
The webhook will be triggered if this expression is true,El webhook se activará si esta expresión es verdadera,
The {0} is already on auto repeat {1},El {0} ya está en repetición automática {1},
Theme,Tema,
Theme Changed,Tema cambiado,
Theme Configuration,Configuración del tema,
Theme URL,URL del tema,
There are documents which have workflow states that do not exist in this Workflow. It is recommended that you add these states to the Workflow and change their states before removing these states.,Hay documentos que tienen estados de flujo de trabajo que no existen en este Flujo de Trabajo. Se recomienda añadir estos estados al Flujo de Trabajo y cambiar sus estados antes de eliminar estos estados.,
There are no upcoming events for you.,No hay próximos eventos para usted.,
"There are no {0} for this {1}, why don't you start one!","No hay {0} para este {1}, ¿Por qué no empiezas uno?",
There are {0} with the same filters already in the queue:,Ya hay {0} con los mismos filtros en la cola:,
There can be only 9 Page Break fields in a Web Form,Sólo puede haber 9 campos de salto de página en un formulario web,
There can be only one Fold in a form,Sólo puede haber un plegado en un formulario,
There is an error in your Address Template {0},Hay un error en su plantilla de dirección {0},
There is no data to be exported,No hay datos para exportar,
There is nothing new to show you right now.,No hay nada nuevo que mostrarle en este momento.,
There is some problem with the file url: {0},Hay un poco de problema con la url del archivo: {0},
There is {0} with the same filters already in the queue:,Ya hay {0} con los mismos filtros en la cola:,
There must be atleast one permission rule.,Debe haber al menos una regla de permiso.,
There was an error building this page,Se produjo un error al crear esta página.,
There was an error saving filters,Hubo un error al guardar los filtros,
There were errors,Hubo errores,
There were errors while creating the document. Please try again.,Hubo errores al crear el documento. Inténtalo de nuevo.,
There were errors while sending email. Please try again.,"Ha ocurrido un error al enviar el correo electrónico. Por favor, inténtelo de nuevo.",
"There were some errors setting the name, please contact the administrator","Existen algunos errores al configurar el nombre, por favor póngase en contacto con el administrador",
These announcements will appear inside a dismissible alert below the Navbar.,Estos anuncios aparecerán dentro de una alerta descartable debajo de la barra de navegación.,
These settings are required if 'Custom' LDAP Directory is used,"Estos ajustes son necesarios si se utiliza un directorio ""LDAP personalizado""",
These values will be automatically updated in transactions and also will be useful to restrict permissions for this user on transactions containing these values.,Estos valores se actualizan automáticamente en las transacciones y también serán útiles para restringir los permisos para este usuario en transacciones que contienen estos valores.,
Third Party Apps,Aplicaciones de terceros,
Third Party Authentication,Autenticación por otros medios,
This Currency is disabled. Enable to use in transactions,Esta divisa está deshabilitada. Debe habilitarla para utilizarla en las transacciones,
This Kanban Board will be private,Este tablero Kanban será privado,
This Month,Este mes,
This Quarter,Este trimestre,
This Week,Esta Semana,
This Year,Este año,
This action is irreversible. Do you wish to continue?,Esta acción es irreversible. ¿Desea continuar?,
This action is only allowed for {},Esta acción solo está permitida para {},
This cannot be undone,Esto no se puede deshacer,
This card will be available to all Users if this is set,Esta tarjeta estará disponible para todos los usuarios si está configurado,
This chart will be available to all Users if this is set,Este gráfico estará disponible para todos los usuarios si está configurado,
This doctype has no orphan fields to trim,Este doctype no tiene campos huérfanos que recortar,
"This doctype has pending migrations, run 'bench migrate' before modifying the doctype to avoid losing changes.","Este doctype tiene migraciones pendientes, ejecute 'bench migrate' antes de modificar el doctype para evitar perder los cambios.",
This document can not be deleted right now as it's being modified by another user. Please try again after some time.,"Este documento no puede ser borrado en este momento, ya que está siendo modificado por otro usuario. Por favor, inténtelo de nuevo pasado un tiempo.",
This document has been modified after the email was sent.,Este documento ha sido modificado después de que se envió el correo electrónico.,
This document has unsaved changes which might not appear in final PDF. <br> Consider saving the document before printing.,Este documento tiene cambios sin guardar que podrían no aparecer en el PDF final. <br> Considere la posibilidad de guardar el documento antes de imprimirlo.,
"This document is already amended, you cannot ammend it again","Este documento ya está enmendado, no puede enmendarlo nuevamente",
This document is currently locked and queued for execution. Please try again after some time.,"Este documento está actualmente bloqueado y en cola de ejecución. Por favor, inténtelo de nuevo pasado un tiempo.",
This email is autogenerated,Este correo electrónico se genera automáticamente,
"This feature can not be used as dependencies are missing.
				Please contact your system manager to enable this by installing pycups!","Esta función no puede utilizarse porque faltan dependencias.
				Póngase en contacto con el administrador de su sistema para habilitarla instalando pycups.",
This feature is brand new and still experimental,Esta característica es nueva y aún experimental,
"This field will appear only if the fieldname defined here has value OR the rules are true (examples):
myfield
eval:doc.myfield=='My Value'
eval:doc.age&gt;18","Este campo sólo aparecerá si el nombre de campo definido aquí tiene valor OR las reglas son verdaderas (ejemplos):
myfield
eval:doc.myfield=='Mi valor'
eval:doc.age&gt;18",
This file is public. It can be accessed without authentication.,Este archivo es público. Se puede acceder a él sin autenticación.,
This form has been modified after you have loaded it,Este formulario se ha modificado después de haber cargado,
This form is not editable due to a Workflow.,Este formulario no es editable debido a un flujo de trabajo.,
This format is used if country specific format is not found,Este formato será utilizado para todos los documentos si no se encuentra un formato específico para el país.,
This geolocation provider is not supported yet.,Este proveedor de geolocalización aún no es compatible.,
This goes above the slideshow.,Esto va encima de la presentación de diapositivas.,
This is a background report. Please set the appropriate filters and then generate a new one.,Esto es un reporte predeterminado. Por favor seleccione los filtros apropiados y genere uno nuevo.,
This is a top-10 common password.,Es una de las 10 contraseñas mas comunes.,
This is a top-100 common password.,Es una de las 100 contraseñas mas comunes.,
This is a very common password.,Esta es una contraseña muy común.,
This is a virtual doctype and data is cleared periodically.,Se trata de un doctype virtual y los datos se borran periódicamente.,
This is an automatically generated reply,Esta es una respuesta generada automáticamente.,
This is similar to a commonly used password.,Esto es similar a una contraseña de uso común.,
This is the number of the last created transaction with this prefix,Este es el número de la última transacción creada con este prefijo,
This link has already been activated for verification.,Este enlace ya se ha activado para la verificación.,
This link is invalid or expired. Please make sure you have pasted correctly.,"Este enlace no es válido o ha expirado. Por favor, asegúrate de que lo has pegado correctamente.",
This may get printed on multiple pages,Esto puede imprimirse en varias páginas.,
This month,Este mes,
"This report contains {0} rows and is too big to display in browser, you can {1} this report instead.","Este informe contiene {0} filas y es demasiado grande para mostrarse en el navegador, puede {1} este informe en su lugar.",
This report was generated on {0},Este informe fue generado el {0},
This report was generated {0}.,Este reporte fue generado {0}.,
This request has not yet been approved by the user.,Esta solicitud aún no ha sido aprobada por el usuario.,
"This site is in read only mode, full functionality will be restored soon.","Este sitio está en modo de sólo lectura, la funcionalidad completa se restablecerá en breve.",
This site is running in developer mode. Any change made here will be updated in code.,Este sitio funciona en modo desarrollador. Cualquier cambio realizado aquí se actualizará en código.,
This software is built on top of many open source packages.,Este software está construido sobre muchos paquetes de código abierto.,
This title will be used as the title of the webpage as well as in meta tags,"Este título se utilizará como título de la página web, así como en las metaetiquetas.",
This value is fetched from {0}'s {1} field,Este valor se obtiene del campo {1} de {0},
"This will be automatically generated when you publish the page, you can also enter a route yourself if you wish","Esto se generará automáticamente cuando publique la página, también puede ingresar una ruta usted mismo si lo desea",
This will be shown in a modal after routing,Esto se mostrará en un modal después del enrutamiento.,
This will be shown to the user in a dialog after routing to the report,Esto se mostrará al usuario en un cuadro de diálogo después de enviarlo al informe.,
This will log out {0} from all other devices,Esto cerrá sesión {0} de todos los demás dispositivos,
This will permanently remove your data.,Esto eliminará permanentemente sus datos.,
This will reset this tour and show it to all users. Are you sure?,Esto restablecerá este tour y lo mostrará a todos los usuarios. ¿Está seguro?,
"This will terminate the job immediately and might be dangerous, are you sure?","Esto terminará el trabajo inmediatamente y podría ser peligroso, ¿está seguro?",
Throttled,Limitar,
Thumbnail URL,URL en miniatura,
Thursday,Jueves,
Time,Hora,
Time Format,Formato de tiempo,
Time Interval,Intervalo de tiempo,
Time Series,Series de tiempo,
Time Series Based On,Series temporales basadas en,
Time Taken,Tiempo empleado,
Time Window (Seconds),Ventana de tiempo (segundos),
Time Zone,Zona Horaria,
Time Zones,Zonas horarias,
Time format,Formato de tiempo,
Time in Queries,Tiempo en consultas,
Time in seconds to retain QR code image on server. Min:<strong>240</strong>,Tiempo en segundos para retener la imagen del código QR en el servidor. Min: <strong>240</strong>,
Time series based on is required to create a dashboard chart,Se requiere una serie temporal basada en para crear un gráfico de tablero,
Time {0} must be in format: {1},El tiempo {0} debe estar en formato: {1},
Timed Out,Tiempo Excedido,
Timeless Night,Noche Eterna,
Timeline,Línea de tiempo,
Timeline DocType,DocType de Línea de Tiempo,
Timeline Field,Campo de Línea de Tiempo,
Timeline Links,Enlaces de línea de tiempo,
Timeline Name,Nombre de la línea de tiempo,
Timeline field must be a Link or Dynamic Link,El campo de línea de tiempo debe ser un vínculo o enlace dinámico,
Timeline field must be a valid fieldname,El campo de línea de tiempo debe ser un nombre de campo válido,
Timeout,Tiempo Agotado,
Timeout (In Seconds),Tiempo de espera (en segundos),
Timeseries,Series de tiempo,
Timespan,Espacio de tiempo,
Timestamp,Marca de tiempo,
Title,Nombre,
Title Field,Campo de título,
Title Prefix,Prefijo de título,
Title field must be a valid fieldname,El campo del título debe ser un nombre válido,
Title of the page,Título de la página,
To,A,
To Date,Hasta la fecha,
To Date Field,Hasta el campo de fecha,
To Do,Tareas,
"To add dynamic subject, use jinja tags like

<div><pre><code>New {{ doc.doctype }} #{{ doc.name }}</code></pre></div>","Para agregar tema dinámico, utiliza etiquetas jinja como

<div><pre><code>Nuevo {{ doc.doctype }} #{{ doc.name }}</code></pre></div>",
"To add dynamic subject, use jinja tags like

<div><pre><code>{{ doc.name }} Delivered</code></pre></div>","Para añadir un asunto dinámico, utilice etiquetas jinja como

<div><pre><code>{{ doc.name }} Entregado</code></pre></div>",
"To add dynamic values from the document, use jinja tags like

<div>
<pre><code>{ ""id"": ""{{ doc.name }}"" }</code>
</pre>
</div>","Para añadir valores dinámicos desde el documento, utilice etiquetas jinja como

. <div>
<pre><code>{ ""id"": ""{{ doc.name }}"" }</code>
</pre>
</div>",
To allow more reports update limit in System Settings.,"Para permitir más informes, actualice el límite en la configuración del sistema.",
To and CC,Para y CC,
"To begin the date range at the start of the chosen period. For example, if 'Year' is selected as the period, the report will start from January 1st of the current year.","Para comenzar el rango de fechas al inicio del período seleccionado. Por ejemplo, si se selecciona ""Año"" como período, el informe comenzará a partir del 1 de enero del año en curso.",
"To configure Auto Repeat, enable ""Allow Auto Repeat"" from {0}.","Para configurar la repetición automática, habilite ""Permitir la repetición automática"" desde {0}.",
To enable it follow the instructions in the following link: {0},"Para habilitarlo, siga las instrucciones en el siguiente enlace: {0}",
"To enable server scripts, read the {0}.","Para habilitar los scripts del servidor, lea la página {0}.",
"To export this step as JSON, link it in a Onboarding document and save the document.","Para exportar este paso como JSON, vincúlelo en un documento de tutorial y guarde el documento.",
"To get the updated report, click on {0}.","Para obtener el reporte actualizado, hacer clic en {0}.",
To print output use <code>print(text)</code>,Para imprimir la salida use <code>print(text)</code>,
"To set the role {0} in the user {1}, kindly set the {2} field as {3} in one of the {4} record.","Para establecer el rol {0} en el usuario {1}, por favor establezca el campo {2} como {3} en uno de los registros {4} .",
"To use Google Calendar, enable {0}.","Para usar Google Calendar, habilite {0}.",
"To use Google Contacts, enable {0}.","Para usar Contactos de Google, habilite {0}.",
"To use Google Indexing, enable <a href=""/app/google-settings"">Google Settings</a>.","Para utilizar la indexación de Google, active la <a href=""/app/google-settings"">configuración de Google</a>.",
"To use Slack Channel, add a <a href=""#List/Slack%20Webhook%20URL/List"">Slack Webhook URL</a>.","Para utilizar el canal Slack, añada una <a href=""#List/Slack%20Webhook%20URL/List"">URL Webhook de Slack </a>.",
To version,A la versión,
ToDo,Tareas,
Today,Hoy,
Toggle Chart,Alternar Gráfico,
Toggle Full Width,Cambiar a ancho completo,
Toggle Grid View,Alternar Vista de Cuadrícula,
Toggle Sidebar,Alternar Barra Lateral,
Toggle Theme,Cambiar tema,
Token,Token,
Token Cache,Caché de tokens,
Token Type,Tipo de token,
Token URI,URI del token,
Token is missing,Falta el Token,
Too Many Documents,Demasiados Documentos,
Too Many Requests,Demasiadas solicitudes,
Too many changes to database in single action.,Demasiados cambios en la base de datos en una sola acción.,
"Too many users signed up recently, so the registration is disabled. Please try back in an hour","Hay demasiados usuarios se inscribieron recientemente, por lo que el registro está desactivado. Por favor, intente volver en una hora",
Top,Parte superior,
Top Bar Item,Elemento de la Barra Superior,
Top Bar Items,Elementos de la Barra Superior,
Top Center,Parte superior izquierda,
Top Errors,Errores principales,
Top Left,Parte superior izquierda,
Top Right,Parte superior derecha,
Topic,Tema,
Total,Total,
Total Background Workers,Total de trabajadores en segundo plano,
Total Errors (last 1 day),Total de errores (último 1 día),
Total Images,Imágenes totales,
Total Outgoing Emails,Total de correos salientes,
Total Subscribers,Suscriptores Totales,
Total Users,Total de usuarios,
Total Working Time,Tiempo Total de Trabajo,
Total number of emails to sync in initial sync process,Número total de mensajes de correo electrónico para sincronizar en el proceso de sincronización inicial,
Total:,Monto:,
Totals,Totales,
Totals Row,Fila de Totales,
Trace ID,ID de Seguimiento,
Traceback,Rastrear,
Track Changes,Rastrear Cambios,
Track Email Status,Seguir el Estado del Correo Electrónico,
Track Field,Campo de la pista,
Track Seen,Seguimiento de vistas,
Track Steps,Seguimiento de pasos,
Track Views,Seguir Vistas,
"Track if your email has been opened by the recipient.
<br>
Note: If you're sending to multiple recipients, even if 1 recipient reads the email, it'll be considered ""Opened""","Rastree si su correo electrónico ha sido abierto por el destinatario.
<br>
Nota: Si está enviando a varios destinatarios, incluso si 1 destinatario lee el correo electrónico, se considerará ""Abierto""",
Track milestones for any document,Seguimiento de los hitos de cualquier documento,
Tracking URL generated and copied to clipboard,URL de seguimiento generada y copiada en el portapapeles,
Transgender,Transgénero,
Transition Properties,Propiedades de la transición,
Transition Rules,Reglas de Transición,
Transitions,Transiciones,
Translatable,Traducible,
Translate Link Fields,Traducir Campos de Enlace,
Translate values,Traducir valores,
Translate {0},Traducir {0},
Translated Text,Texto traducido,
Translation,Traducción,
Translations,Traducciones,
Trash,Basura,
Tree,Árbol,
Tree View,Vista en árbol,
Tree structures are implemented using Nested Set,Las estructuras de árbol se implementan usando el conjunto anidado,
Tree view is not available for {0},La vista de árbol no está disponible para {0},
Trigger Method,Método de Disparador,
Trigger Primary Action,Activa la acción primaria,
Trigger caching,Activar caché,
"Trigger on valid methods like ""before_insert"", ""after_update"", etc (will depend on the DocType selected)","Activador en métodos válidos como ""before_insert"", ""after_update"", etc (dependerá del DocType seleccionado)",
Trim Table,Recortar Tabla,
Try Again,Inténtelo de nuevo,
Try a Naming Series,Pruebe una serie de nombres,
Try the new Print Designer,Pruebe el nuevo Diseñador de impresión,
Try to avoid repeated words and characters,Trate de evitar las palabras y caracteres repetidos,
Try to use a longer keyboard pattern with more turns,Trate de usar un patrón teclado ya con más vueltas,
Tuesday,Martes,
Two Factor Authentication,Autenticación de dos factores,
Two Factor Authentication method,Método de autenticación de dos factores,
Type,Tipo,
Type a reply / comment,Escriba una respuesta o comentario,
Type something in the search box to search,Escriba algo en el cuadro de búsqueda para buscar,
Type title,Introduzca un título,
Type your reply here...,Escriba aquí su respuesta...,
Type:,Tipo:,
UI Tour,Recorrido por la interfaz de usuario,
UID,UID,
UIDNEXT,UIDNEXT,
UIDVALIDITY,UIDVALIDITY,
UNSEEN,NO VISTO,
"URIs for receiving authorization code once the user allows access, as well as failure responses. Typically a REST endpoint exposed by the Client App.
<br>e.g. http://hostname/api/method/frappe.integrations.oauth2_logins.login_via_facebook","URI para recibir el código de autorización una vez que el usuario permite el acceso, así como respuestas ante errores. Normalmente, un punto final REST expuesto por la aplicación cliente.
<br>p. ej. http://hostname/api/method/frappe.integrations.oauth2_logins.login_via_facebook",
URL,URL,
URL for documentation or help,URL para documentación o ayuda,
URL must start with http:// or https://,La URL debe comenzar con http:// o https://,
URL of the page,URL de la página,
URL to go to on clicking the slideshow image,URL para ir al hacer clic en la imagen de la presentación de diapositivas,
UTM Campaign,Campaña UTM,
UTM Medium,Medio UTM,
UTM Source,Fuente UTM,
UUID,UUID,
Un-following document {0},Dejar de seguir el documento {0},
Unable to find DocType {0},No se puede encontrar DocType {0},
Unable to load camera.,No se puede cargar la cámara.,
Unable to load: {0},No se puede cargar: {0},
Unable to open attached file. Did you export it as CSV?,No se puede abrir el archivo adjunto. ¿Lo ha exportado como CSV?,
Unable to read file format for {0},Incapaz de leer el formato de archivo para {0},
Unable to send mail because of a missing email account. Please setup default Email Account from Settings > Email Account,No se puede enviar el correo porque falta una cuenta de correo electrónico. Configure la cuenta de correo electrónico predeterminada desde Configuración > Cuenta de correo electrónico,
Unable to update event,No se puede actualizar evento,
Unable to write file format for {0},Incapaz de escribir el formato de archivo para {0},
Unassign Condition,Desasignar condición,
Uncaught Exception,Excepción no controlada,
Unchanged,Sin alterar,
Undo,Deshacer,
Undo last action,Deshacer última acción,
Unfollow,Dejar de seguir,
Unhandled Email,Cuenta de Correo Electrónico no Manejado,
Unhandled Emails,Correos electrónicos no controlados,
Unique,Único,
Unknown,Desconocido,
Unknown Column: {0},Columna desconocida: {0},
Unknown Rounding Method: {},Método de Redondeo desconocido: {},
Unknown User,Usuario Desconocido,
Unknown file encoding. Tried to use: {0},Codificación de archivo desconocida. Intentado utilizar: {0},
Unlock Reference Document,Desbloquear el documento de referencia,
Unpublish,Despublicar,
Unread,No leído,
Unread Notification Sent,Envíar una notificación al no ser leído,
Unsafe SQL query,Consulta SQL insegura,
Unselect All,Deseleccionar Todo,
Unshared,Incompartible,
Unsubscribe,Darse de baja,
Unsubscribe Method,Método para darse de baja,
Unsubscribed,No suscrito,
Untitled Column,Columna sin título,
Unzip,Descomprimir,
Unzipped {0} files,Archivos descomprimidos {0},
Unzipping files...,Descomprimiendo archivos...,
Upcoming Events for Today,Eventos para hoy,
Update,Actualizar,
Update Amendment Naming,Actualización del formato de nombrado de la corrección,
Update Existing Records,Actualizar registros existentes,
Update Field,Actualizar Campo,
Update Hooks Resolution Order,Orden de resolución de los Hooks de actualización,
Update Order,Actualizar orden,
Update Password,Actualizar contraseña,
Update Series Counter,Actualizar Contador de Series,
Update Series Number,Actualizar número de serie,
Update Settings,Ajustes de actualización,
Update Translations,Actualizar Traducciones,
Update Value,Actualizar Valor,
Update from Frappe Cloud,Actualizar desde Frappe Cloud,
Update {0} records,Actualizar {0} registros,
Updated,Actualizado,
Updated Successfully,Actualizado exitosamente,
Updated To A New Version 🎉,Actualizado a una nueva versión 🎉,
Updated successfully,Actualizado exitosamente,
Updating,Actualización,Freeze message while updating a document
Updating Email Queue Statuses. The emails will be picked up in the next scheduled run.,Actualización de los estados de la cola de correo electrónico. Los correos electrónicos se sincronizarán en la siguiente ejecución programada.,
Updating counter may lead to document name conflicts if not done properly,La actualización del contador puede provocar conflictos entre los nombres de los documentos si no se hace correctamente,
Updating global settings,Actualizando configuración global,
Updating naming series options,Actualizando opciones de la serie de nombres,
Updating related fields...,Actualizando campos relacionados...,
Updating {0},Actualizando {0},
"Updating {0} of {1}, {2}","Actualización {0} de {1}, {2}",
Upload,Subir,
Upload Image,Cargar Imagen,
Upload file,Cargar archivo,
Upload {0} files,Cargar archivos {0},
Uploaded To Dropbox,Subido a Dropbox,
Uploaded To Google Drive,Subido a Google Drive,
Use % for any non empty value.,Utilice % para cualquier valor no vacío.,
Use ASCII encoding for password,Use la codificación ASCII para la contraseña,
Use First Day of Period,Utilizar el primer día del periodo,
Use HTML,Usar HTML,
Use IMAP,El uso de IMAP,
Use Number Format from Currency,Utilizar el formato numérico de la moneda,
Use POST,Usar POST,
Use Report Chart,Usar gráfico de informe,
Use SSL,Utilizar SSL,
Use STARTTLS,Usar STARTTLS,
Use TLS,Utilizar TLS,
"Use a few words, avoid common phrases.","Utilizar algunas palabras, evitar frases comunes.",
Use different Email ID,Utilice un correo electrónico diferente,
Use of function {0} in field is restricted,El uso de la función {0} en el campo está restringido,
Use of sub-query or function is restricted,El uso de la sub-query o función está restringido,
Use the new Print Format Builder,Usar el nuevo Diseñador de formatos de impresión,
Use this fieldname to generate title,Utilice este nombre de campo para generar título,
Used OAuth,Se usó OAuth,
User,Usuario,
User '{0}' already has the role '{1}',El Usuario '{0}' ya tiene el rol '{1}',
User Agent,Agente de usuario,
User Cannot Create,El usuario no puede crear,
User Cannot Search,El usuario no puede buscar,
User Changed,Usuario modificado,
User Defaults,Parámetros de Usuario,
User Details,Detalles de Usuario,
User Doctype Permissions,Permisos de Doctype del Usuario,
User Document Type,Documento de tipo Usuario,
User Document Types Limit Exceeded,Límite de tipos de documentos de usuario superado,
User Email,Correo electrónico del Usuario,
User Emails,Correos electrónicos del Usuario,
User Group,Grupo de Usuario,
User Group Member,Miembro del Grupo de Usuario,
User Group Members,Miembros del Grupo de Usuario,
User ID,ID de usuario,
User ID Property,Propiedad de ID de usuario,
User Id,ID de usuario,
User Id Field,Campo Id de Usuario,
User Id Field is mandatory in the user type {0},Campo Id de Usuario es obligatorio en el tipo de usuario {0},
User Image,Imagen de Usuario,
User Menu,Menú de usuario,
User Name,Nombre de usuario,
User Permission,Permiso de Usuario,
User Permissions,Permisos de Usuario,
User Permissions are used to limit users to specific records.,Los permisos de usuario se utilizan para limitar el acceso de los usuarios a determinados registros.,
User Permissions created successfully,Permisos de usuario creados correctamente,
User Role,Rol del Usuario,
User Role Profile,Perfil de Rol de Usuario,
User Select Document Type,Tipo de documento de selección de usuario,
User Settings,Configuración del Usuario,
User Social Login,Inicio de Sesión Social del Usuario,
User Tags,Etiquetas de usuario,
User Type,Tipo de usuario,
User Type Module,Módulo User Type,
User can login using Email id or Mobile number,El usuario puede iniciar sesión con ID de correo electrónico o número de móvil,
User can login using Email id or User Name,El Usuario puede iniciar sesión con ID de correo electrónico o nombre de usuario,
User does not exist.,El usuario no existe.,
User does not have permission to create the new {0},El usuario no tiene permiso para crear el nuevo {0},
User is mandatory for Share,El usuario es obligatorio para compartir,
User must always select,El usuario deberá elegir siempre,
User permission already exists,El permiso de Usuario ya existe,
User with email address {0} does not exist,No existe un usuario con dirección de correo electrónico {0},
User with email: {0} does not exist in the system. Please ask 'System Administrator' to create the user for you.,Usuario con correo electrónico: {0} no existe en el sistema. Solicite al 'Administrador del sistema' que cree el usuario por usted.,
User {0} cannot be deleted,El usuario {0} no se puede eliminar,
User {0} cannot be disabled,El usuario {0} no se puede deshabilitar,
User {0} cannot be renamed,El usuario {0} no puede ser renombrado,
User {0} does not have access to this document,El usuario {0} no tiene acceso a este documento,
User {0} does not have doctype access via role permission for document {1},El usuario {0} no tiene acceso a doctype a través del permiso de rol para el documento {1},
User {0} does not have the permission to create a Workspace.,El usuario {0} no tiene permiso para crear un espacio de trabajo.,
User {0} has requested for data deletion,El usuario {0} ha solicitado la eliminación de datos,
User {0} impersonated as {1},Usuario {0} suplantado como {1},
User {0} is disabled,El usuario {0} está deshabilitado,
User {0} is disabled. Please contact your System Manager.,"Usuario {0} está deshabilitado. Por favor, póngase en contacto con su administrador del sistema.",
User {0} is not permitted to access this document.,Usuario {0} no está autorizado a acceder a este documento.,
Userinfo URI,URI de Información de Usuario,
Username,Nombre de usuario,
Username {0} already exists,Nombre de usuario {0} ya existe,
Users,Usuarios,
Users with role {0}:,Los usuarios con rol {0}:,
Uses system's theme to switch between light and dark mode,Utiliza el tema del sistema para cambiar entre modo claro y oscuro,
Using this console may allow attackers to impersonate you and steal your information. Do not enter or paste code that you do not understand.,El uso de esta consola puede permitir a los atacantes hacerse pasar por usted y robar su información. No ingrese ni pegue un código que no comprenda.,
Utilization,Utilización,
Utilization %,Utilización %,
Valid,Válido,
Valid Login id required.,Se requiere un identificador de inicio de sesión válido.,
Valid email and name required,Se requiere un correo electrónico y un nombre válidos,
Validate Field,Validar campo,
Validate Frappe Mail Settings,Validar la configuración de Frappe Mail,
Validate SSL Certificate,Validar certificado SSL,
Validation Error,Error de validacion,
Validity,Validez,
Value,Valor,
Value Based On,Valor basado en,
Value Change,Cambio de Valor,
Value Changed,Valor Cambiado,
Value To Be Set,Valor a Establecer,
Value cannot be changed for {0},El valor no puede ser cambiado para {0},
Value cannot be negative for,El valor no puede ser negativo para,
Value cannot be negative for {0}: {1},El valor no puede ser negativo para {0}: {1},
Value for a check field can be either 0 or 1,Valor para un campo de verificación puede ser 0 o 1,
Value for field {0} is too long in {1}. Length should be lesser than {2} characters,El valor del campo {0} es demasiado largo en {1}. La longitud debe ser inferior a {2} caracteres,
Value for {0} cannot be a list,Valor para {0} no puede ser una lista,
Value from this field will be set as the due date in the ToDo,El valor de este campo se establecerá como la fecha de vencimiento en la Tarea,
Value must be one of {0},El valor debe ser uno de {0},
Value to Validate,Valor para validar,
Value too big,Valor demasiado grande,
Value {0} missing for {1},Falta el valor {0} para {1},
Value {0} must be in the valid duration format: d h m s,El valor {0} debe tener un formato de duración válido: dhms,
Value {0} must in {1} format,El valor {0} debe tener el formato {1},
Values Changed,Valores Cambiados,
Verdana,Verdana,
Verification,Verificación,
Verification Code,Código de Verificación,
Verification Link,Link de verificacion,
Verification code email not sent. Please contact Administrator.,No se ha enviado el correo electrónico con el código de verificación. Póngase en contacto con el administrador.,
Verification code has been sent to your registered email address.,El código de verificación se ha enviado a su dirección de correo electrónico registrada.,
Verified,Verificado,
Verify,Verificar,
Verify Password,Verificar Contraseña,
Verifying...,Verificando...,
Version,Versión,
Version Updated,Versión Actualizada,
Video URL,URL del vídeo,
View,Ver,
View All,Ver Todo,
View Audit Trail,Ver registros de auditoría,
View Doctype Permissions,Ver permisos del doctype,
View File,Ver Archivo,
View Full Log,Ver Registro completo,
View List,Ver Lista,
View Log,Ver registro,
View Permitted Documents,Ver Documentos Permitidos,
View Properties (via Customize Form),Ver propiedades (vía personalizar formulario),
View Report,Vista del informe,
View Settings,Ver Configuraciones,
View Switcher,Selector de vista,
View Website,Ver Sitio Web,
View document,Ver Documento,
View report in your browser,Ver informe en su navegador,
View this in your browser,Ver esto en su navegador,
View {0},Ver {0},
Viewed By,Visto Por,
Virtual,Virtual,
Virtual DocType {} requires a static method called {} found {},DocType virtual {} requiere un método estático llamado {} encontrado {},
Virtual DocType {} requires overriding an instance method called {} found {},DocType virtual {} requiere sobrescribir un método de instancia llamado {} encontrado {},
Visibility,Visibilidad,
Visit,Visita,
Visit Web Page,Visite la página web,
Visitor ID,ID del visitante,
Want to discuss?,¿Desea debatir?,
Warehouse,Almacén,
Warning,Advertencia,
Warning: DATA LOSS IMMINENT! Proceeding will permanently delete following database columns from doctype {0}:,"Advertencia: ¡PÉRDIDA DE DATOS INMINENTE! Al continuar, se eliminarán permanentemente las siguientes columnas de la base de datos del tipo de documento {0}:",
Warning: Naming is not set,Advertencia: El formato de nombrado no esta establecido,
Warning: Unable to find {0} in any table related to {1},Advertencia: no se puede encontrar {0} en ninguna tabla relacionada con {1},
Warning: Updating counter may lead to document name conflicts if not done properly,Advertencia: La actualización del contador puede provocar conflictos entre los nombres de los documentos si no se hace correctamente,
Was this article helpful?,¿Te resultó útil este artículo?,
Watch Tutorial,Ver el Tutorial,
Watch Video,Ver video,
We do not allow editing of this document. Simply click the Edit button on the workspace page to make your workspace editable and customize it as you wish,No permitimos la edición de este documento. Simplemente haga clic en el botón Editar en la página del Área de Trabajo para hacer que su Área de Trabajo sea editable y personalizarlo como desee,
We have received a request for deletion of {0} data associated with: {1},Hemos recibido una solicitud de eliminación de {0} datos asociados con: {1},
We have received a request from you to download your {0} data associated with: {1},Hemos recibido una solicitud suya para descargar sus {0} datos asociados con: {1},
We would like to thank the authors of these packages for their contribution.,Queremos agradecer a los autores de estos paquetes su contribución.,
We've received your query!,¡Hemos recibido su consulta!,
Weak,Débil,
Web Form,Formulario Web,
Web Form Field,Campo de Formulario Web,
Web Form Fields,Campos de Formulario Web,
Web Form List Column,Columna de Lista de Formularios Web,
Web Page,Página Web,
Web Page Block,Bloque de página web,
Web Page URL,URL de Página Web,
Web Page View,Vista de página web,
Web Template,Plantilla Web,
Web Template Field,Campo de plantilla web,
Web Template Values,Valores de plantilla web,
Web Template is not specified,La plantilla web no está especificada,
Web View,Vista Web,
Webhook,Webhook,
Webhook Data,Datos del Webhook,
Webhook Header,Encabezado del Webhook,
Webhook Headers,Encabezados del Webhook,
Webhook Request,Solicitud de Webhook,
Webhook Request Log,Registro de solicitudes Webhook,
Webhook Secret,Secreto del webhook,
Webhook Security,Seguridad del webhook,
Webhook Trigger,Disparador Webhook,
Webhook URL,URL de Webhook,
Website,Sitio Web,
Website Analytics,Análisis de sitios web,
Website Manager,Administrar Página Web,
Website Meta Tag,Metaetiqueta del sitio web,
Website Route Meta,Ruta del sitio web Meta,
Website Route Redirect,Redirección de ruta del sitio web,
Website Script,Script del Sitio Web,
Website Search Field,Campo de búsqueda del sitio web,
Website Search Field must be a valid fieldname,El campo de búsqueda del sitio web debe ser un nombre de campo válido,
Website Settings,Configuración del Sitio Web,
Website Sidebar,Barra Lateral página web,
Website Sidebar Item,Artículo de barra lateral del Sitio web,
Website Slideshow,Presentación de la Página Web,
Website Slideshow Item,Elemento de la Presentación de la Página Web,
Website Theme,Tema del Sitio Web,
Website Theme Ignore App,Aplicación de ignorar tema del sitio web,
Website Theme Image,Imagen de tema de sitio web,
Website Theme image link,Enlace de la imagen del tema del sitio web,
Websocket,WebSocket,
Wednesday,Miércoles,
Week,Semana,
Weekdays,Días de la Semana,
Weekly,Semanal,
Weekly Long,Semanal largo,
Welcome,Bienvenido,
Welcome Email Template,Plantilla de correo electrónico de bienvenida,
Welcome URL,URL de bienvenida,
Welcome email sent,Correo electrónico de bienvenida enviado,
Welcome to {0},Bienvenido a {0},
What's New,Qué hay de nuevo,
"When enabled this will allow guests to upload files to your application, You can enable this if you wish to collect files from user without having them to log in, for example in job applications web form.","Cuando está habilitado, esto permitirá a los invitados cargar archivos a su aplicación. Puede habilitar esto si desea recopilar archivos del usuario sin tener que iniciar sesión, por ejemplo, en el formulario web de solicitudes de empleo.",
"When sending document using email, store the PDF on Communication. Warning: This can increase your storage usage.","Cuando envíe un documento por correo electrónico, guarde el PDF en Comunicación. Advertencia: Esto puede aumentar el uso de su almacenamiento.",
"When uploading files, force the use of the web-based image capture. If this is unchecked, the default behavior is to use the mobile native camera when use from a mobile is detected.","Al cargar archivos, fuerce el uso de la captura de imágenes basada en web. Si no está marcada, el comportamiento por defecto es utilizar la cámara nativa del móvil cuando se detecta el uso desde un móvil.",
"When you Amend a document after Cancel and save it, it will get a new number that is a version of the old number.","Cuando modifique un documento después de cancelarlo y lo guarde, obtendrá un nuevo número que es una versión del antiguo.",
Which view of the associated DocType should this shortcut take you to?,¿A qué vista del DocType asociado debería llevarle este acceso directo?,
Width,Ancho,
Widths can be set in px or %.,La anchura puede fijarse en px o en %.,
Wildcard Filter,Filtro comodín,
"Will add ""%"" before and after the query","Agregará ""%"" antes y después de la consulta",
Will be your login ID,Será su ID de inicio de sesión,
Will only be shown if section headings are enabled,sólo se mostrará si se habilitan los títulos de sección,
With Letter head,Con Membrete,
Worker Information,Información del trabajador,
Worker Name,Nombre del Trabajador,
Workflow,Flujos de Trabajo,
Workflow Action,Acciones de flujos de trabajo,
Workflow Action Master,Flujo de trabajo de Acción Maestro,
Workflow Action Name,Nombre de la Acción del Grupo de Trabajo,
Workflow Action Permitted Role,Acción de flujo de trabajo Rol permitido,
Workflow Action is not created for optional states,La acción de flujo de trabajo no se crea para estados opcionales,
Workflow Builder,Generador de Flujo de Trabajo,
Workflow Builder ID,Id del Generador de Flujo de Trabajo,
Workflow Builder allows you to create workflows visually. You can drag and drop states and link them to create transitions. Also you can update thieir properties from the sidebar.,Workflow Builder le permite crear flujos de trabajo de forma visual. Puede arrastrar y soltar estados y enlazarlos para crear transiciones. También puede actualizar sus propiedades desde la barra lateral.,
Workflow Data,Datos del flujo de trabajo,
Workflow Details,Detalles del flujo de trabajo,
Workflow Document State,Estado de los Documentos del Flujo de Trabajo,
Workflow Name,Nombre de flujo de trabajo,
Workflow State,Estados de flujos de trabajo,
Workflow State Field,Campo del Estado del Flujo de Trabajo,
Workflow State not set,Estado de Flujo de Trabajo no configurado,
Workflow State transition not allowed from {0} to {1},No se permite la transición del estado del flujo de trabajo de {0} a {1},
Workflow States Don't Exist,Los estados del flujo de trabajo no existen,
Workflow Status,Estado del flujo de trabajo,
Workflow Transition,La transición del Flujo de Trabajo,
Workflow state represents the current state of a document.,El estado del flujo de trabajo representa el estado actual de un documento.,
Workflow updated successfully,Flujo de trabajo actualizado correctamente,
Workspace,Área de Trabajo,
Workspace <b>{0}</b> does not exist,El Área de Trabajo <b>{0}</b> no existe,
Workspace Chart,Gráfico del Área de Trabajo,
Workspace Custom Block,Bloque personalizado del Área de Trabajo,
Workspace Link,Enlace del Área de Trabajo,
Workspace Manager,Administrador del Área de Trabajo,
Workspace Number Card,Tarjeta de número del Área de Trabajo,
Workspace Quick List,Lista rápida del Área de Trabajo,
Workspace Settings,Ajustes del espacio de trabajo,
Workspace Setup Completed,Configuración del espacio de trabajo completada,
Workspace Shortcut,Acceso directo del Espacio del Trabajo,
Workspace Visibility,Visibilidad del espacio de trabajo,
Workspace {0} created,Espacio de trabajo {0} creado,
Workspaces,Áreas de Trabajo,
Wrapping up,Terminando,
Write,Escribir,
Wrong Fetch From value,Valor incorrecto de recuperación,
X Axis Field,Campo Eje X,
X Field,Campo X,
XLSX,XLSX,
Y Axis,Eje Y,
Y Axis Fields,Campos del eje Y,
Y Field,Campo Y,
Yahoo Mail,Correo de Yahoo,
Yandex.Mail,Yandex.Mail,
Year,Año,
Yearly,Anual,
Yellow,Amarillo,
Yes,Si,
Yesterday,Ayer,
You Liked,Te gustó,
You are connected to internet.,Estás conectado a internet.,
You are impersonating as another user.,Estás accediendo a la cuenta de otro usuario.,
You are not allowed to access this resource,No tiene permiso para acceder a este recurso,
You are not allowed to access this {0} record because it is linked to {1} '{2}' in field {3},No tiene permiso para acceder a este registro {0} porque está vinculado a {1} '{2}' en el campo {3},
"You are not allowed to access this {0} record because it is linked to {1} '{2}' in row {3}, field {4}",No tiene permiso para acceder a este registro {0} porque está vinculado a {1} '{2}' en el campo {3},
You are not allowed to create columns,No se le permite crear columnas,
You are not allowed to delete Standard Report,No puede eliminar el informe estándar,
You are not allowed to delete a standard Website Theme,No se le permite eliminar un tema de sitio web estándar,
You are not allowed to edit the report.,No tiene permiso para editar el informe.,
You are not allowed to export {} doctype,No está permitido exportar {} doctype,
You are not allowed to print this report,Usted no está autorizado a imprimir este informe,
You are not allowed to send emails related to this document,No tiene permisos para enviar correos electrónicos relacionados con este documento,
You are not allowed to update this Web Form Document,Usted no está autorizado para modificar este formulario web,
You are not connected to Internet. Retry after sometime.,No estás conectado a Internet. Vuelve a intentar después de algún tiempo.,
You are not permitted to access this page without login.,No está autorizado a acceder a esta página sin iniciar sesión.,
You are not permitted to access this page.,Usted no está autorizado a acceder a esta página.,
You are now following this document. You will receive daily updates via email. You can change this in User Settings.,Ahora estás siguiendo este documento. Recibirá actualizaciones diarias por correo electrónico. Puede cambiar esto en la Configuración de usuario.,
"You are only allowed to update order, do not remove or add apps.","Solo se le permite actualizar el pedido, no eliminar ni añadir aplicaciones.",
"You are selecting Sync Option as ALL, It will resync all read as well as unread message from server. This may also cause the duplication of Communication (emails).","Si selecciona la opción de sincronización como TODO, se resincronizarán todos los mensajes leídos y no leídos del servidor. Esto también puede provocar la duplicación de la comunicación (correos electrónicos).",
You can add dynamic properties from the document by using Jinja templating.,Puede añadir propiedades dinámicas desde el documento usando plantillas Jinja.,
You can also access wkhtmltopdf variables (valid only in PDF print):,También puede acceder a las variables wkhtmltopdf (válidas solo en la impresión de PDF):,
You can also copy-paste following link in your browser,También puede copiar y pegar el siguiente enlace en su navegador,
You can also copy-paste this,También puedes copiar y pegar esto,
You can also copy-paste this {0} to your browser,También puedes copiar y pegar este {0} en tu navegador,
"You can change Submitted documents by cancelling them and then, amending them.",Puede cambiar los documentos validados cancelándolos y luego modificándolos.,
You can change the retention policy from {0}.,Puedes cambiar la política de retención de {0}.,
You can continue with the onboarding after exploring this page,Puede continuar con el tutorial después de explorar esta página,
You can disable this {0} instead of deleting it.,Puede desactivar este {0} en lugar de borrarlo.,
You can increase the limit from System Settings.,Puede aumentar el límite desde Ajustes del sistema.,
You can manually remove the lock if you think it's safe: {},Puede quitar el candado manualmente si lo considera seguro: {},
You can only insert images in Markdown fields,Solo puede insertar imágenes en campos Markdown,
You can only print upto {0} documents at a time,Solo puedes imprimir hasta {0} documentos a la vez,
You can only set the 3 custom doctypes in the Document Types table.,Solo puede configurar los 3 tipos de documentos personalizados en la tabla Tipos de documentos.,
"You can only upload JPG, PNG, PDF, TXT, CSV or Microsoft documents.","Solo puedes cargar archivos JPG, PNG, PDF, TXT, CSV o documentos de Microsoft.",
You can only upload upto 5000 records in one go. (may be less in some cases),Sólo se pueden cargar hasta 5.000 registros de una sola vez. (Puede ser menos en algunos casos),
"You can select one from the following,",Puede seleccionar uno de los siguientes:,
You can set a high value here if multiple users will be logging in from the same network.,Puede establecer un valor alto aquí si varios usuarios iniciarán sesión desde la misma red.,
You can try changing the filters of your report.,Puede intentar cambiar los filtros de su informe.,
You can use Customize Form to set levels on fields.,Puede utilizar Formularios Personalizados para establecer niveles en campos.,
You can use wildcard %,Puede usar % como comodín,
You can't set 'Options' for field {0},No puedes establecer 'Opciones' para el campo {0},
You can't set 'Translatable' for field {0},No puedes establecer 'Traducible' para el campo {0},
You cannot create a dashboard chart from single DocTypes,No puede crear un gráfico de tablero a partir de DocTypes individuales,
You cannot unset 'Read Only' for field {0},No se puede desmarcar 'solo lectura' para el campo {0},
You changed the value of {0},Usted ha cambiado el valor de {0},
You changed the value of {0} {1},Usted ha cambiado el valor de {0} {1},
You changed the values for {0},Usted ha cambiado los valores de {0},
You changed the values for {0} {1},Usted ha cambiado los valores de {0} {1},
You created this,Usted creó este,
You do not have Read or Select Permissions for {},No tienes permisos de lectura o selección para {},
You do not have enough permissions to access this resource. Please contact your manager to get access.,"Usted no tiene permisos suficientes para acceder a este apartado. Por favor, póngase en contacto con su administrador para obtener acceso.",
You do not have enough permissions to complete the action,Usted no tiene suficientes permisos para completar la acción,
You do not have permission to access {0}: {1}.,No tienes permiso para acceder a {0}: {1}.,
You do not have permissions to cancel all linked documents.,No tiene permisos para cancelar todos los documentos vinculados.,
You don't have access to Report: {0},Usted no tiene acceso al Reporte: {0},
You don't have permission to access the {0} DocType.,No tienes permiso para acceder al DocType {0} .,
You don't have permission to access this file,Usted no tiene permiso para acceder a este archivo,
You don't have permission to get a report on: {0},Usted no tiene permiso para obtener un informe sobre: {0},
You don't have the permissions to access this document,Usted no está autorizado para acceder a este documento,
You have a new message from:,Tienes un nuevo mensaje de:,
You have been successfully logged out,Ha sido desconectado exitosamente,
You have hit the row size limit on database table: {0},Ha alcanzado el límite de tamaño de fila en la tabla de la base de datos: {0},
You have not entered a value. The field will be set to empty.,No has introducido ningún valor. El campo quedará vacío.,
You have to enable Two Factor Auth from System Settings.,Tienes que habilitar Auth de Dos Factores en Configuración del Sistema.,
You have unsaved changes in this form. Please save before you continue.,Usted tiene cambios sin guardar en este formulario. Por favor guardar antes de continuar.,
You have unseen notifications,Tienes notificaciones no vistas,
You have unseen {0},No has visto a {0},
You haven't added any Dashboard Charts or Number Cards yet.,Aún no ha añadido ningún Tablero de datos o ningún Widget numérico.,
You haven't created a {0} yet,Aún no ha creado un {0},
You hit the rate limit because of too many requests. Please try after sometime.,Alcanzaste el límite debido a demasiadas solicitudes. Inténtalo más tarde.,
You last edited this,Usted editó esto por última vez,
You must add atleast one link.,Debe añadir al menos un enlace.,
You must be logged in to use this form.,Debe iniciar sesión para utilizar este formulario.,
You must login to submit this form,Debes iniciar sesión para enviar este formulario,
You need the '{0}' permission on {1} {2} to perform this action.,Necesita el permiso '{0}' en {1} {2} para realizar esta acción.,
You need to be Workspace Manager to delete a public workspace.,Debes ser administrador del espacio de trabajo para eliminar un espacio de trabajo público.,
You need to be Workspace Manager to edit this document,Necesita ser Administrador del Área de Trabajo para editar este documento,
You need to be a system user to access this page.,Tiene que estar registrado para acceder a esta página.,
You need to be in developer mode to edit a Standard Web Form,Usted necesita estar en el modo de programador para editar un formulario Web Estándar,
You need to be logged in and have System Manager Role to be able to access backups.,"Debe haber iniciado sesión y tener la función de administrador del sistema, para poder tener acceso a las copias de seguridad.",
You need to be logged in to access this page,Tiene que estar registrado para acceder a esta página,
You need to be logged in to access this {0}.,Debe haber iniciado sesión para acceder a {0}.,
You need to create these first:,Primero debes crear estos:,
You need to enable JavaScript for your app to work.,Debe habilitar JavaScript para que su aplicación funcione.,
"You need to have ""Share"" permission",Usted necesita tener el permiso 'compartir',
You need to install pycups to use this feature!,¡Necesita instalar pycups para usar esta función!,
You need to select indexes you want to add first.,Primero debes seleccionar los índices que desea añadir.,
You need to set one IMAP folder for {0},Debes configurar una carpeta IMAP para {0},
You need write permission on {0} {1} to merge,Necesita permiso de escritura en {0} {1} para fusionar,
You need write permission on {0} {1} to rename,Necesita permiso de escritura en {0} {1} para renombrar,
You need {0} permission to fetch values from {1} {2},Necesita {0} permiso para recuperar valores de {1} {2},
You seem good to go!,¡Pareces listo para ir!,
You seem to have written your name instead of your email. Please enter a valid email address so that we can get back.,Parece que has escrito tu nombre en lugar de tu dirección de correo electrónico. Introduce una dirección de correo electrónico válida para que podamos ponernos en contacto contigo.,
You selected Draft or Cancelled documents,Seleccionó documentos en Borrador o Cancelados,
You unfollowed this document,Has dejado de seguir este documento,
You viewed this,Ya has visto esto,
You've logged in as another user from another tab. Refresh this page to continue using system.,Has iniciado sesión como otro usuario desde otra pestaña. Actualiza esta página para seguir usando el sistema.,
YouTube,Youtube,
Your Country,Tu País,
Your Language,Tu Lenguaje,
Your Name,Tu Nombre,
Your PDF is ready for download,Su PDF está listo para descargar,
Your Shortcuts,Tus atajos,
Your account has been deleted,Su cuenta ha sido eliminada,
Your account has been locked and will resume after {0} seconds,Su cuenta ha sido bloqueada y se reanudará después de {0} segundos,
Your assignment on {0} {1} has been removed by {2},Tu tarea de {0} {1} ha sido eliminada por {2},
Your browser does not support the audio element.,Su navegador no admite el elemento de audio.,
Your browser does not support the video element.,Su navegador no admite el elemento de vídeo.,
Your connection request to Google Calendar was successfully accepted,Tu Solicitud de Conexión a Google Calendar fue aceptada con éxito,
Your email address,Tu correo electrónico,
Your form has been successfully updated,Su formulario ha sido actualizado exitosamente,
Your login id is,Su ID de usuario es,
Your new password has been set successfully.,Su nueva contraseña se ha establecido correctamente.,
Your old password is incorrect.,Su antigua contraseña es incorrecta.,
Your organization name and address for the email footer.,El nombre de la organización y dirección para el pie de página del correo electrónico.,
"Your query has been received. We will reply back shortly. If you have any additional information, please reply to this mail.","Su consulta ha sido recibida. Responderemos a la mayor brevedad posible. Si usted tiene alguna información adicional, puede responder a este correo.",
"Your session has expired, please login again to continue.","Tu sesión ha caducado, vuelve a iniciar sesión para continuar.",
Your site is undergoing maintenance or being updated.,Su sitio está en mantenimiento o se está actualizando.,
Your verification code is {0},Su código de verificación es {0},
Zero,Cero,
Zero means send records updated at anytime,Cero significa enviar registros actualizados en cualquier momento,
_doctype,_doctype,
_report,_informe,
`as_iterator` only works with `as_list=True` or `as_dict=True`,`as_iterator` solo funciona con `as_list=True` o `as_dict=True`,
`job_id` paramater is required for deduplication.,El parámetro `job_id` es necesario para la deduplicación.,
after_insert,after_insert,
amend,modificar,
and,y,
ascending,ascendente,
blue,azul,
by Role,por Rol,
cProfile Output,Salida de cProfile,
calendar,calendario,
cancel,cancelar,
canceled,cancelado,
clear,quitar,
commented,comentó,
create,crear,
cyan,cian,
darkgrey,gris oscuro,
dashboard,tablero,
dd-mm-yyyy,dd-mm-aaaa,
dd.mm.yyyy,dd.mm.aaaa,
dd/mm/yyyy,dd/mm/aaaa,
default,predeterminado,
deferred,diferido,
delete,eliminar,
descending,descendente,
"document type..., e.g. customer","tipo de documento..., ej. Cliente",
"e.g. ""Support"", ""Sales"", ""Jerry Yang""","por ejemplo ""Soporte"", ""Ventas"", ""Jerry Yang""",
e.g. (55 + 434) / 4 or =Math.sin(Math.PI/2)...,ej. (55 + 434) / 4 o =Math.sin(Math.PI/2)...,
e.g. pop.gmail.com / imap.gmail.com,por ejemplo pop.gmail.com / imap.gmail.com,
e.g. replies@yourcomany.com. All replies will come to this inbox.,por ejemplo replies@yourcomany.com. Todas las respuestas vendrán a esta bandeja de entrada.,
e.g. smtp.gmail.com,por ejemplo smtp.gmail.com,
e.g.:,ej.:,
emacs,emacs,
email,correo electrónico,
email inbox,bandeja de entrada de email,
empty,vacío,
export,exportar,
facebook,facebook,
failed,fallido,
fairlogin,fairlogin,
finished,terminado,
gray,gris,
green,verde,
grey,gris,
gzip not found in PATH! This is required to take a backup.,¡gzip no encontrado en RUTA! Esto es necesario para realizar una copia de seguridad.,
hub,Centro de actividades,
icon,icono,
import,importar,
jane@example.com,juan@example.com,
just now,justo ahora,
label,etiqueta,
light-blue,azul claro,
link,Vinculo,
linkedin,linkedin,
list,lista,
logged in,conectado,
login_required,login_required,
long,larga,
merged {0} into {1},fusionado {0} en {1},
mm-dd-yyyy,mm-dd-aaaa,
mm/dd/yyyy,mm/dd/aaaa,
module,módulo,
module name...,nombre del módulo...,
new,nuevo,
new type of document,nuevo tipo de documento,
no failed attempts,Número de intentos fallidos,
nonce,nonce,
notified,notificado,
now,ahora,
of,de,
old_parent,old_parent,
on_cancel,on_cancel,
on_change,on_change,
on_submit,on_submit,
on_trash,on_trash,
on_update,on_update,
on_update_after_submit,on_update_after_submit,
or,o,
orange,naranja,
page,página,
pink,rosa,
plain,plano,
print,Imprimir,
processlist,lista de procesos,
purple,púrpura,
query-report,consulta de informe,
queued,encolado,
read,leer,
red,rojo,
renamed from {0} to {1},renombrado de {0} a {1},
report,informe,
response,respuesta,
restored {0} as {1},restaurado {0} como {1},
s256,s256,
scheduled,programado,
select,seleccionar,
share,cuota,
short,corta,
since last month,desde el mes pasado,
since last week,desde la semana pasada,
since last year,desde el año pasado,
since yesterday,desde ayer,
started,iniciado,
starting the setup...,iniciando la instalación...,
"string value, i.e. group","valor de cadena, por ej., grupo",
"string value, i.e. member","valor de cadena, por ej., miembro",
"string value, i.e. {0} or uid={0},ou=users,dc=example,dc=com","valor de cadena, por ej., {0} o uid={0}, ou=usuarios,dc=ejemplo,dc=com",
submit,validar,
"tag name..., e.g. #tag","nombre de etiqueta..., ej., #tag",
text in document type,texto en el tipo de documento,
this form,Este formulario,
this shouldn't break,esto no debería romperse,
to your browser,a tu navegador,
twitter,twitter,
updated to {0},actualizado a {0},
use % as wildcard,utilizar % como comodín,
values separated by commas,valores separados por comas,
version_table,version_table,
via Assignment Rule,a través de la regla de asignación,
via Data Import,a través de la importación de datos,
via Google Meet,vía Google Meet,
via Notification,vía notificación,
via {0},a través de {0},
vim,vim,
vscode,vscode,
wants to access the following details from your account,desea acceder a los siguientes datos de su cuenta,
when clicked on element it will focus popover if present.,"Al hacer clic en un elemento, se enfocará en la ventana emergente si está presente.",
wkhtmltopdf 0.12.x (with patched qt).,wkhtmltopdf 0.12.x (con qt parcheado).,
write,escribir,
yellow,amarillo,
yesterday,ayer,
yyyy-mm-dd,aaaa-mm-dd,
{0},{0},
"{0} ${skip_list ? """" : type}","{0} ${skip_list ? """" : type}",
{0} ${type},{0} ${type},
{0} ({1}),{0} ({1}),
{0} ({1}) (1 row mandatory),{0} ({1}) (1 fila obligatoria),
{0} ({1}) - {2}%,{0} ({1}) - {2}%,
{0} = {1},{0} = {1},
{0} Calendar,{0} Calendario,
{0} Chart,{0} Gráfico,
{0} Dashboard,{0} Panel de control,
{0} Fields,{0} Campos,
{0} Google Calendar Events synced.,{0} Eventos de Google Calendar sincronizados.,
{0} Google Contacts synced.,{0} Contactos de Google sincronizados.,
{0} Liked,{0} Me gustó,
{0} List,Lista {0},
{0} M,{0} M,
{0} Map,{0} Mapa,
{0} Name,{0} Nombre,
{0} Not allowed to change {1} after submission from {2} to {3},{0} No se permite cambiar {1} después del envío de {2} a {3},
{0} Report,{0} Informe,
{0} Reports,{0} Informes,
{0} Settings,{0} Configuración,
{0} Tree,Árbol {0},
{0} Web page views,{0} Vistas de página,
{0} Workspace,{0} Área de Trabajo,
{0} added,{0} añadido,
{0} already exists. Select another name,{0} ya existe. Seleccione otro nombre,
{0} already unsubscribed,{0} ya ha sido dado de baja,
{0} already unsubscribed for {1} {2},{0} ya ha sido dado de baja para {1} {2},
{0} and {1},{0} y {1},
{0} are currently {1},{0} son actualmente {1},
{0} are required,{0} son obligatorios,
{0} assigned a new task {1} {2} to you,{0} te asignó una nueva tarea {1} {2},
{0} assigned {1}: {2},{0} asignado {1}: {2},
{0} can not be more than {1},{0} no puede ser más de {1},
{0} cancelled this document,{0} canceló este documento,
{0} cannot be hidden and mandatory without any default value,{0} no puede ser oculto y obligatorio sin ningún valor predeterminado,
{0} changed the value of {1},{0} cambió el valor de {1},
{0} changed the value of {1} {2},{0} cambió el valor de {1} {2},
{0} changed the values for {1},{0} ha cambiado los valores de {1},
{0} changed the values for {1} {2},{0} ha cambiado los valores de {1} {2},
"{0} contains an invalid Fetch From expression, Fetch From can't be self-referential.","{0} contiene una expresión Fetch From inválida, Fetch From no puede ser autorreferencial.",
{0} created successfully,{0} creado con éxito,
{0} created this,{0} creó esto,
{0} d,{0} d,
{0} days ago,Hace {0} días,
{0} does not exist in row {1},{0} no existe en el renglón {1},
"{0} field cannot be set as unique in {1}, as there are non-unique existing values","El campo {0} no puede establecerse como único en {1}, ya que existen valores no únicos",
{0} format could not be determined from the values in this column. Defaulting to {1}.,No se pudo determinar el formato {0} a partir de los valores de esta columna. El valor predeterminado será {1}.,
{0} from {1} to {2},{0} de {1} a {2},
{0} from {1} to {2} in row #{3},{0} de {1} a {2} en la fila #{3},
{0} h,{0} h,
{0} has already assigned default value for {1}.,{0} ya ha asignado un valor por defecto para {1}.,
{0} has left the conversation in {1} {2},{0} ha dejado la conversación en {1} {2},
{0} hours ago,Hace {0} horas,
{0} if you are not redirected within {1} seconds,{0} si no es redirigido en {1} segundos,
{0} in row {1} cannot have both URL and child items,{0} en la fila {1} no puede tener tanto URL como elementos hijos,
{0} is a mandatory field,{0} es un campo obligatorio,
{0} is a not a valid zip file,{0} no es un archivo zip válido,
{0} is an invalid Data field.,{0} es un campo de datos no válido.,
{0} is an invalid email address in 'Recipients',{0} es una dirección de correo electrónico no válida en &quot;Destinatarios&quot;,
{0} is between {1} and {2},{0} está entre {1} y {2},
{0} is currently {1},{0} es actualmente {1},
{0} is equal to {1},{0} es igual a {1},
{0} is greater than or equal to {1},{0} es mayor o igual a {1},
{0} is greater than {1},{0} es mayor que {1},
{0} is less than or equal to {1},{0} es menor o igual que {1},
{0} is less than {1},{0} es menor que {1},
{0} is like {1},{0} es como {1},
{0} is mandatory,{0} es obligatorio,
{0} is not a field of doctype {1},{0} no es un campo del doctype {1},
{0} is not a raw printing format.,{0} no es un formato de impresión sin formato.,
{0} is not a valid Calendar. Redirecting to default Calendar.,{0} no es un Calendario válido. Redirigiendo al Calendario por defecto.,
{0} is not a valid Cron expression.,{0} no es una expresión Cron válida.,
{0} is not a valid DocType for Dynamic Link,{0} no es un DocType válido para Dynamic Link,
{0} is not a valid Email Address,{0} no es una dirección de correo electrónico válida,
{0} is not a valid ISO 3166 ALPHA-2 code.,{0} no es un código ISO 3166 ALFA-2 válido.,
{0} is not a valid Name,{0} no es un nombre válido,
{0} is not a valid Phone Number,{0} no es un número de teléfono válido,
{0} is not a valid Workflow State. Please update your Workflow and try again.,{0} no es un estado de flujo de trabajo válido. Actualice su flujo de trabajo y vuelva a intentarlo.,
{0} is not a valid parent DocType for {1},{0} no es un DocType padre válido para {1},
{0} is not a valid parentfield for {1},{0} no es un campo padre válido para {1},
{0} is not a valid report format. Report format should one of the following {1},{0} no es un formato de informe válido. El formato del informe debe ser uno de los siguientes {1},
{0} is not a zip file,{0} no es un archivo zip,
{0} is not equal to {1},{0} no es igual a {1},
{0} is not like {1},{0} no es como {1},
{0} is not one of {1},{0} no es uno de {1},
{0} is not set,{0} no está establecido,
{0} is now default print format for {1} doctype,{0} ahora es el formato de impresión predeterminado para el doctype {1},
{0} is one of {1},{0} es uno de {1},
{0} is required,{0} es requerido,
{0} is set,{0} está establecido,
{0} is within {1},{0} está dentro de {1},
{0} items selected,{0} elementos seleccionados,
{0} just impersonated as you. They gave this reason: {1},{0} se hizo pasar por usted. Dieron esta razón: {1},
{0} last edited this,{0} editó esto por última vez,
{0} logged in,{0} conectado,
{0} logged out: {1},{0} desconectado: {1},
{0} m,{0} m,
{0} mentioned you in a comment in {1} {2},{0} te mencionó en un comentario en {1} {2},
{0} minutes ago,Hace {0} minutos,
{0} months ago,Hace {0} meses,
{0} must be after {1},{0} debe ser después de {1},
{0} must be beginning with '{1}',{0} debe comenzar con '{1}',
{0} must be equal to '{1}',{0} debe ser igual a '{1}',
{0} must be none of {1},{0} debe ser uno de {1},
{0} must be one of {1},{0} debe ser uno de {1},
{0} must be set first,{0} debe establecerse primero,
{0} must be unique,{0} debe ser único,
{0} must be {1} {2},{0} debe ser {1} {2},
"{0} must begin and end with a letter and can only contain letters, hyphen or underscore.","{0} debe comenzar y terminar con una letra y solo puede contener letras, guiones o guiones bajos.",
{0} not a valid State,{0} no es un Estado válido,
{0} not allowed to be renamed,{0} no se permite renombrar,
{0} not found,{0} no encontrado,
{0} of {1},{0} de {1},
{0} of {1} ({2} rows with children),{0} de {1} ({2} filas con hijos),
{0} or {1},{0} o {1},
{0} record deleted,{0} registro eliminado,
{0} records are not automatically deleted.,{0} registros no se eliminan automáticamente.,
{0} records are retained for {1} days.,{0} registros se conservan durante {1} días.,
{0} records deleted,{0} registros eliminados,
{0} records will be exported,Se exportarán {0} registros,
{0} removed their assignment.,{0} eliminado su asignación.,
{0} role does not have permission on any doctype,{0} el rol no tiene permiso sobre ningún doctype,
{0} row #{1}:,{0} fila #{1}:,
{0} saved successfully,{0} guardado exitosamente,
{0} self assigned this task: {1},{0} se autoasignó esta tarea: {1},
{0} shared a document {1} {2} with you,{0} ha compartido un documento {1} {2} contigo,
{0} shared this document with everyone,{0} ha compartido este documento con todos,
{0} shared this document with {1},{0} compartió este documento con {1},
{0} should be indexed because it's referred in dashboard connections,{0} debe ser indexado porque es referido en conexiones de panel de control,
{0} should not be same as {1},{0} no debe ser igual que {1},
{0} submitted this document,{0} envió este documento,
{0} subscribers added,{0} suscriptores añadidos,
{0} to stop receiving emails of this type,{0} para dejar de recibir correos electrónicos de este tipo,
{0} to {1},{0} a {1},
{0} un-shared this document with {1},{0} dejó de compartir este documento con {1},
{0} updated,{0} actualizado,
{0} values selected,{0} valores seleccionados,
{0} viewed this,{0} vio esto,
{0} w,{0} w,
{0} weeks ago,Hace {0} semanas,
{0} y,{0} años,
{0} years ago,Hace {0} años,
{0} {1} added,{0} {1} agregado,
{0} {1} added to Dashboard {2},{0} {1} agregado al panel {2},
{0} {1} already exists,{0} {1} ya existe,
"{0} {1} cannot be ""{2}"". It should be one of ""{3}""","{0} {1} no puede ser ""{2}"". Debe ser uno de ""{3}""",
{0} {1} cannot be a leaf node as it has children,{0} {1} no puede ser un nodo hoja ya que tiene hijos,
"{0} {1} does not exist, select a new target to merge","{0} {1} no existe, seleccione un nuevo objetivo para fusionar",
{0} {1} is linked with the following submitted documents: {2},{0} {1} está vinculado con los siguientes documentos enviados: {2},
{0} {1} not found,{0} {1} no encontrado,
{0} {1}: Submitted Record cannot be deleted. You must {2} Cancel {3} it first.,{0} {1}: el registro enviado no se puede eliminar. Primero debe {2} cancelarlo {3}.,
"{0}, Row {1}","{0}, Fila {1}",
{0}/{1} complete | Please leave this tab open until completion.,{0}/{1} completo | Deje esta pestaña abierta hasta que se complete.,
"{0}: '{1}' ({3}) will get truncated, as max characters allowed is {2}","{0}: '{1}' ({3}) se truncará, ya que el máximo de caracteres permitidos es {2}",
{0}: Cannot set Amend without Cancel,"{0}: no se puede establecer ""corregir"" sin cancelar",
{0}: Cannot set Assign Amend if not Submittable,"{0}: no se puede establecer ""asignar corrección"" si no es enviable",
{0}: Cannot set Assign Submit if not Submittable,"{0}: no se puede establecer ""asignar envío"" si no es enviable",
{0}: Cannot set Cancel without Submit,"{0}: no se puede establecer ""cancelar"" sin enviar",
{0}: Cannot set Import without Create,"{0}: no se puede establecer ""importar"" sin crear primero",
"{0}: Cannot set Submit, Cancel, Amend without Write","{0}: no se puede establecer ""enviar"", ""cancelar"" o ""corregir"" sin escribir primero",
{0}: Cannot set import as {1} is not importable,"{0}: no se puede establecer ""importar"" puesto que {1} no es importable",
"{0}: Failed to attach new recurring document. To enable attaching document in the auto repeat notification email, enable {1} in Print Settings","{0}: no se pudo adjuntar un nuevo documento recurrente. Para habilitar el documento adjunto en el correo electrónico de notificación de repetición automática, habilite {1} en Configuración de impresión",
{0}: Field '{1}' cannot be set as Unique as it has non-unique values,{0}: el campo '{1}' no se puede establecer como único porque tiene valores no únicos,
{0}: Field {1} in row {2} cannot be hidden and mandatory without default,{0}: el campo {1} en la fila {2} no puede ocultarse y ser obligatorio sin el valor predeterminado,
{0}: Field {1} of type {2} cannot be mandatory,{0}: el campo {1} de tipo {2} no puede ser obligatorio,
{0}: Fieldname {1} appears multiple times in rows {2},{0}: el nombre de campo {1} aparece varias veces en las filas {2},
{0}: Fieldtype {1} for {2} cannot be unique,{0}: El tipo de campo {1} para {2} no puede ser único,
{0}: No basic permissions set,{0}: no se ha definido ningún conjunto de permisos básicos,
"{0}: Only one rule allowed with the same Role, Level and {1}","{0}: sólo se permite una regla con el mismo rol, nivel y {1}",
{0}: Options must be a valid DocType for field {1} in row {2},{0}: las opciones deben ser un DocType válido para el campo {1} en la fila {2},
{0}: Options required for Link or Table type field {1} in row {2},{0}: Opciones requeridas para el campo de tipo Enlace o Tabla {1} en la fila {2},
{0}: Options {1} must be the same as doctype name {2} for the field {3},{0}: Las opciones {1} deben ser las mismas que el nombre del doctype {2} para el campo {3},
{0}: Other permission rules may also apply,{0}: También pueden aplicarse otras reglas de permiso,
{0}: Permission at level 0 must be set before higher levels are set,{0}: el Permiso en el nivel 0 debe ser establecido antes de establecer niveles superiores,
{0}: You can increase the limit for the field if required via {1},{0}: Puede aumentar el límite del campo si es necesario a través de {1},
{0}: fieldname cannot be set to reserved keyword {1},{0}: nombre de campo no puede establecerse como una palabra clave reservada {1},
{0}: {1},{0}: {1},
{0}: {1} is set to state {2},{0}: {1} está configurado para indicar {2},
{0}: {1} vs {2},{0}: {1} vs {2},
{0}:Fieldtype {1} for {2} cannot be indexed,{0}: El tipo de campo {1} para {2} no se puede indexar,
{1} saved,Se ha guardado {1}.,
{count} cell copied,{count} celda copiada,
{count} cells copied,{count} celdas copiadas,
{count} row selected,{count} fila seleccionada,
{count} rows selected,{count} filas seleccionadas,
{{{0}}} is not a valid fieldname pattern. It should be {{field_name}}.,{{{0}}} no es un formato válido de nombre de campo. Debe ser {{field_name}}.,
{} Complete,{} Completo,
{} Invalid python code on line {},{} Código python inválido en la línea {},
{} Possibly invalid python code. <br>{},{} Código python posiblemente inválido. <br>{},
{} does not support automated log clearing.,{} no soporta la limpieza automática de registros.,
{} field cannot be empty.,El campo {} no puede estar vacío.,
{} has been disabled. It can only be enabled if {} is checked.,{} ha sido deshabilitado. Solo se puede habilitar si {} está marcado.,
{} is not a valid date string.,{} no es una cadena de fecha válida.,
{} not found in PATH! This is required to access the console.,¡{} no encontrado en PATH! Esto es necesario para acceder a la consola.,
{} not found in PATH! This is required to restore the database.,¡{} no encontrado en RUTA! Esto es necesario para restaurar la base de datos.,
{} not found in PATH! This is required to take a backup.,¡{} no se encuentra en PATH! Esto es necesario para realizar una copia de seguridad.,
← Back to upload files,← Volver a subir archivos,
